{
	"credit": "Made with Blockbench",
	"texture_size": [64, 64],
	"textures": {
		"0": "item/portable_switch",
		"particle": "item/portable_switch"
	},
	"elements": [
		{
			"from": [3, -3, 0],
			"to": [13, 5, 4],
			"faces": {
				"north": {"uv": [8.5, 11.25, 11, 13.25], "texture": "#0"},
				"east": {"uv": [11, 13, 12, 15], "texture": "#0"},
				"south": {"uv": [8.5, 13, 11, 15], "texture": "#0"},
				"west": {"uv": [7.5, 13, 8.5, 15], "texture": "#0"},
				"up": {"uv": [15, 12.5, 12.5, 13.5], "texture": "#0"},
				"down": {"uv": [11, 15, 8.5, 16], "texture": "#0"}
			}
		},
		{
			"from": [5, 5, 1],
			"to": [11, 10, 4],
			"faces": {
				"north": {"uv": [9.25, 4, 13.75, 7.75], "texture": "#0"},
				"east": {"uv": [0, 5.25, 0.75, 6.5], "texture": "#0"},
				"south": {"uv": [9, 11.75, 10.5, 13], "texture": "#0"},
				"west": {"uv": [2.25, 5.25, 3, 6.5], "texture": "#0"},
				"up": {"uv": [2.25, 5.25, 0.75, 4.5], "texture": "#0"},
				"down": {"uv": [3.75, 4.5, 2.25, 5.25], "texture": "#0"}
			}
		},
		{
			"from": [7, 12, 2],
			"to": [9, 20, 2],
			"faces": {
				"north": {"uv": [13.25, 14, 13.75, 16], "texture": "#0"},
				"east": {"uv": [5.5, 6.75, 5.5, 8.75], "texture": "#0"},
				"south": {"uv": [13.25, 14, 13.75, 16], "texture": "#0"},
				"west": {"uv": [6, 6.75, 6, 8.75], "texture": "#0"},
				"up": {"uv": [6, 6.75, 5.5, 6.75], "texture": "#0"},
				"down": {"uv": [6.5, 6.75, 6, 6.75], "texture": "#0"}
			}
		},
		{
			"from": [5.5, -1.5, -0.5],
			"to": [10.5, 3.5, 0],
			"faces": {
				"north": {"uv": [12, 14.25, 13.25, 15.5], "texture": "#0"},
				"east": {"uv": [12, 14.25, 12.25, 15.5], "texture": "#0"},
				"south": {"uv": [4.25, 6.75, 5.5, 8], "texture": "#0"},
				"west": {"uv": [13, 14.25, 13.25, 15.5], "texture": "#0"},
				"up": {"uv": [13.25, 14.25, 12, 14.5], "texture": "#0"},
				"down": {"uv": [13.25, 15.25, 12, 15.5], "texture": "#0"}
			}
		},
		{
			"from": [11, 5, 0],
			"to": [13, 10, 4],
			"faces": {
				"north": {"uv": [8.5, 11.75, 9, 13], "texture": "#0"},
				"east": {"uv": [11, 11.75, 12, 13], "texture": "#0"},
				"south": {"uv": [10.5, 11.75, 11, 13], "texture": "#0"},
				"west": {"uv": [12, 11.25, 13, 12.5], "texture": "#0"},
				"up": {"uv": [1.5, 7.5, 1, 6.5], "texture": "#0"},
				"down": {"uv": [2, 6.5, 1.5, 7.5], "texture": "#0"}
			}
		},
		{
			"from": [3, 5, 0],
			"to": [5, 10, 4],
			"faces": {
				"north": {"uv": [10.5, 11.75, 11, 13], "texture": "#0"},
				"east": {"uv": [14.5, 11.25, 15.5, 12.5], "texture": "#0"},
				"south": {"uv": [8.5, 11.75, 9, 13], "texture": "#0"},
				"west": {"uv": [7.5, 11.75, 8.5, 13], "texture": "#0"},
				"up": {"uv": [6, 5.5, 5.5, 4.5], "texture": "#0"},
				"down": {"uv": [6.5, 4.5, 6, 5.5], "texture": "#0"}
			}
		},
		{
			"from": [3, 10, 0],
			"to": [13, 12, 4],
			"faces": {
				"north": {"uv": [8.5, 11.25, 11, 11.75], "texture": "#0"},
				"east": {"uv": [11, 11.25, 12, 11.75], "texture": "#0"},
				"south": {"uv": [8.5, 11.25, 11, 11.75], "texture": "#0"},
				"west": {"uv": [7.5, 11.25, 8.5, 11.75], "texture": "#0"},
				"up": {"uv": [11, 11.25, 8.5, 10.25], "texture": "#0"},
				"down": {"uv": [15, 10.25, 12.5, 11.25], "texture": "#0"}
			}
		}
	],
	"display": {
		"thirdperson_righthand": {
			"scale": [0, 0, 0]
		},
		"thirdperson_lefthand": {
			"scale": [0, 0, 0]
		},
		"firstperson_righthand": {
			"rotation": [153.52, 19.4, -170.49],
			"translation": [9, 2.25, -14.25],
			"scale": [0.8, 0.8, 0.8]
		},
		"ground": {
			"scale": [0, 0, 0]
		},
		"gui": {
			"rotation": [161.18, 8.3, -167.61],
			"translation": [1.5, 1.25, 0]
		}
	}
}