{
	"credit": "Made with Blockbench",
	"texture_size": [71, 71],
	"textures": {
		"0": "item/power_jump_boots",
		"particle": "item/power_jump_boots"
	},
	"elements": [
		{
			"from": [0, 0, 0],
			"to": [16, 16, 0],
			"faces": {
				"north": {"uv": [0, 0, 16, 16], "texture": "#0"},
				"east": {"uv": [0, 0, 0, 8], "texture": "#missing"},
				"south": {"uv": [16, 0, 0, 16], "texture": "#0"},
				"west": {"uv": [0, 0, 0, 8], "texture": "#missing"},
				"up": {"uv": [0, 0, 8, 0], "texture": "#missing"},
				"down": {"uv": [0, 0, 8, 0], "texture": "#missing"}
			}
		}
	],
	"display": {
		"thirdperson_righthand": {
			"rotation": [65, 0, 0],
			"translation": [0, 1.75, 1.75],
			"scale": [0, 0, 0]
		},
		"thirdperson_lefthand": {
			"rotation": [65, 0, 0],
			"translation": [0, 0.5, 2.75],
			"scale": [0, 0, 0]
		},
		"firstperson_righthand": {
			"rotation": [-0.43, -26.59, 1.76],
			"translation": [-3.75, 4.75, 5.75],
			"scale": [0.4957, 0.4957, 0.4957]
		},
		"firstperson_lefthand": {
			"rotation": [-180, 26, 180],
			"translation": [-0.5, 8.25, 0],
			"scale": [0, 0, 0]
		},
		"ground": {
			"translation": [0, 9, 8]
		},
		"gui": {
			"rotation": [-20.5, 0, 0],
			"translation": [0, 2.75, 0],
			"scale": [1.13086, 1.41484, 1]
		}
	}
}