{
	"credit": "Made with Blockbench",
	"texture_size": [32, 32],
	"textures": {
		"0": "item/powerup_k_no_jump",
		"particle": "item/powerup_k_no_jump"
	},
	"elements": [
		{
			"from": [2, 0, 4],
			"to": [6, 4, 8],
			"faces": {
				"north": {"uv": [0, 0, 4, 4], "texture": "#0"},
				"east": {"uv": [4, 0, 8, 4], "texture": "#0"},
				"south": {"uv": [0, 0, 4, 4], "texture": "#0"},
				"west": {"uv": [4, 0, 8, 4], "texture": "#0"},
				"up": {"uv": [4, 8, 0, 4], "texture": "#0"},
				"down": {"uv": [8, 4, 4, 8], "texture": "#0"}
			}
		},
		{
			"from": [4, 1, 8],
			"to": [4, 3, 11],
			"faces": {
				"north": {"uv": [0, 0, 0, 1], "texture": "#0"},
				"east": {"uv": [5, 8, 8, 10], "texture": "#0"},
				"south": {"uv": [0, 0, 0, 1], "texture": "#0"},
				"west": {"uv": [5, 8, 8, 10], "texture": "#0"},
				"up": {"uv": [0, 1.5, 0, 0], "texture": "#0"},
				"down": {"uv": [0, 0, 0, 1.5], "texture": "#0"}
			}
		},
		{
			"from": [4, 1, 11],
			"to": [9, 3, 11],
			"rotation": {"angle": 0, "axis": "y", "origin": [4, 2, 9.5]},
			"faces": {
				"north": {"uv": [0, 8, 5, 10], "texture": "#0"},
				"east": {"uv": [0, 0, 0, 1], "texture": "#0"},
				"south": {"uv": [0, 8, 5, 10], "texture": "#0"},
				"west": {"uv": [0, 0, 0, 1], "texture": "#0"},
				"up": {"uv": [2.5, 0, 0, 0], "texture": "#0"},
				"down": {"uv": [2.5, 0, 0, 0], "texture": "#0"}
			}
		},
		{
			"from": [9, 1, 11],
			"to": [13, 5, 11],
			"rotation": {"angle": 0, "axis": "y", "origin": [4, 2, 9.5]},
			"faces": {
				"north": {"uv": [8, 0, 16, 8], "texture": "#0"},
				"east": {"uv": [0, 0, 0, 2], "texture": "#0"},
				"south": {"uv": [8, 0, 16, 8], "texture": "#0"},
				"west": {"uv": [0, 0, 0, 2], "texture": "#0"},
				"up": {"uv": [2, 0, 0, 0], "texture": "#0"},
				"down": {"uv": [2, 0, 0, 0], "texture": "#0"}
			}
		}
	],
	"display": {
		"thirdperson_righthand": {
			"rotation": [-109.91, 78.77, -69.28],
			"translation": [-1.5, -5, 0]
		},
		"thirdperson_lefthand": {
			"rotation": [88.11, 67.35, -83.58],
			"translation": [0, 7, 0]
		},
		"firstperson_righthand": {
			"rotation": [-171.07, 0, -180],
			"translation": [-4.25, 8.75, 0]
		},
		"firstperson_lefthand": {
			"rotation": [-180, 26, 180],
			"translation": [1, 8.25, 0]
		},
		"ground": {
			"translation": [0, 3.25, 0]
		},
		"gui": {
			"rotation": [-167.35, -12.48, 178.83],
			"translation": [-0.75, 6.25, 0],
			"scale": [1.3, 1.3, 1.3]
		}
	}
}