{
	"credit": "Made with Blockbench",
	"texture_size": [32, 32],
	"textures": {
		"0": "item/powerup_k_no_jump",
		"particle": "item/powerup_k_no_jump"
	},
	"elements": [
		{
			"from": [1, 0, 3],
			"to": [5, 4, 7],
			"faces": {
				"north": {"uv": [0, 0, 4, 4], "texture": "#0"},
				"east": {"uv": [4, 0, 8, 4], "texture": "#0"},
				"south": {"uv": [0, 0, 4, 4], "texture": "#0"},
				"west": {"uv": [4, 0, 8, 4], "texture": "#0"},
				"up": {"uv": [4, 8, 0, 4], "texture": "#0"},
				"down": {"uv": [8, 4, 4, 8], "texture": "#0"}
			}
		},
		{
			"from": [11, 1, 4],
			"to": [15, 5, 8],
			"rotation": {"angle": 22.5, "axis": "y", "origin": [13, 3, 6]},
			"faces": {
				"north": {"uv": [0, 0, 4, 4], "texture": "#0"},
				"east": {"uv": [4, 0, 8, 4], "texture": "#0"},
				"south": {"uv": [0, 0, 4, 4], "texture": "#0"},
				"west": {"uv": [4, 0, 8, 4], "texture": "#0"},
				"up": {"uv": [4, 8, 0, 4], "texture": "#0"},
				"down": {"uv": [8, 4, 4, 8], "texture": "#0"}
			}
		},
		{
			"from": [6, -1, 1],
			"to": [10, 3, 5],
			"rotation": {"angle": -22.5, "axis": "y", "origin": [8, 1, 3]},
			"faces": {
				"north": {"uv": [0, 0, 4, 4], "texture": "#0"},
				"east": {"uv": [4, 0, 8, 4], "texture": "#0"},
				"south": {"uv": [0, 0, 4, 4], "texture": "#0"},
				"west": {"uv": [4, 0, 8, 4], "texture": "#0"},
				"up": {"uv": [4, 8, 0, 4], "rotation": 180, "texture": "#0"},
				"down": {"uv": [8, 4, 4, 8], "rotation": 180, "texture": "#0"}
			}
		},
		{
			"from": [4, 1, 7],
			"to": [4, 3, 11],
			"faces": {
				"north": {"uv": [0, 0, 0, 1], "texture": "#0"},
				"east": {"uv": [5, 8, 8, 10], "texture": "#0"},
				"south": {"uv": [0, 0, 0, 1], "texture": "#0"},
				"west": {"uv": [4, 8, 8, 10], "texture": "#0"},
				"up": {"uv": [0, 1.5, 0, 0], "texture": "#0"},
				"down": {"uv": [0, 0, 0, 1.5], "texture": "#0"}
			}
		},
		{
			"from": [8, 0, 5],
			"to": [8, 2, 11],
			"faces": {
				"north": {"uv": [0, 0, 0, 1], "texture": "#0"},
				"east": {"uv": [5, 8, 8, 10], "texture": "#0"},
				"south": {"uv": [0, 0, 0, 1], "texture": "#0"},
				"west": {"uv": [2, 8, 8, 10], "texture": "#0"},
				"up": {"uv": [0, 1.5, 0, 0], "texture": "#0"},
				"down": {"uv": [0, 0, 0, 1.5], "texture": "#0"}
			}
		},
		{
			"from": [13, 2, 8],
			"to": [13, 4, 11],
			"faces": {
				"north": {"uv": [0, 0, 0, 1], "texture": "#0"},
				"east": {"uv": [5, 8, 8, 10], "texture": "#0"},
				"south": {"uv": [0, 0, 0, 1], "texture": "#0"},
				"west": {"uv": [5, 8, 8, 10], "texture": "#0"},
				"up": {"uv": [0, 1.5, 0, 0], "texture": "#0"},
				"down": {"uv": [0, 0, 0, 1.5], "texture": "#0"}
			}
		},
		{
			"from": [4, 1, 11],
			"to": [9, 3, 11],
			"rotation": {"angle": 0, "axis": "y", "origin": [4, 2, 9.5]},
			"faces": {
				"north": {"uv": [0, 8, 5, 10], "texture": "#0"},
				"east": {"uv": [0, 0, 0, 1], "texture": "#0"},
				"south": {"uv": [0, 8, 5, 10], "texture": "#0"},
				"west": {"uv": [0, 0, 0, 1], "texture": "#0"},
				"up": {"uv": [2.5, 0, 0, 0], "texture": "#0"},
				"down": {"uv": [2.5, 0, 0, 0], "texture": "#0"}
			}
		},
		{
			"from": [9, 1, 11],
			"to": [14, 3, 11],
			"rotation": {"angle": 0, "axis": "x", "origin": [11.5, 2, 11]},
			"faces": {
				"north": {"uv": [4, 8, 9, 10], "rotation": 180, "texture": "#0"},
				"east": {"uv": [0, 0, 0, 1], "rotation": 180, "texture": "#0"},
				"south": {"uv": [9, 8, 4, 10], "rotation": 180, "texture": "#0"},
				"west": {"uv": [0, 0, 0, 1], "rotation": 180, "texture": "#0"},
				"up": {"uv": [2.5, 0, 0, 0], "rotation": 180, "texture": "#0"},
				"down": {"uv": [2.5, 0, 0, 0], "rotation": 180, "texture": "#0"}
			}
		},
		{
			"from": [7, 2, 11],
			"to": [11, 6, 11],
			"rotation": {"angle": -22.5, "axis": "y", "origin": [8, 3, 13]},
			"faces": {
				"north": {"uv": [8, 0, 16, 8], "texture": "#0"},
				"east": {"uv": [0, 0, 0, 2], "texture": "#0"},
				"south": {"uv": [8, 0, 16, 8], "texture": "#0"},
				"west": {"uv": [0, 0, 0, 2], "texture": "#0"},
				"up": {"uv": [2, 0, 0, 0], "texture": "#0"},
				"down": {"uv": [2, 0, 0, 0], "texture": "#0"}
			}
		}
	],
	"display": {
		"thirdperson_righthand": {
			"rotation": [-13.14, 50.28, -178.1],
			"translation": [-1.5, -5, 0]
		},
		"thirdperson_lefthand": {
			"rotation": [28.97, 62.59, -19.57],
			"translation": [0, 7, 0]
		},
		"firstperson_righthand": {
			"rotation": [-171.07, 0, -180],
			"translation": [-4.25, 8.75, 0]
		},
		"firstperson_lefthand": {
			"rotation": [-180, 26, 180],
			"translation": [-0.5, 8.25, 0]
		},
		"ground": {
			"translation": [0, 3.25, 0]
		},
		"gui": {
			"rotation": [-137.1, -12.48, 178.83],
			"translation": [-0.75, 6.25, 0],
			"scale": [1.3, 1.3, 1.3]
		}
	}
}