{
    "providers": [
        {
            "type": "bitmap",
            "file": "minecraft:custom/heart.png",
            "ascent": 10,
            "height": 14,
            "chars": [
                "\uE000"
            ]
        },
        {
            "type": "bitmap",
            "file": "minecraft:custom/dark.png",
            "ascent": 128,
            "height": 256,
			"chars": ["\uE001"]
        },
        {
            "type": "bitmap",
            "file": "minecraft:custom/logo.png",
            "ascent": 80,
            "height": 130,
			"chars": ["\uE002"]
        },
        {
            "type": "bitmap",
            "file": "minecraft:custom/no_heart.png",
            "ascent": 10,
            "height": 14,
			"chars": ["\uE003"]
        },
        {
            "type": "bitmap",
            "file": "minecraft:custom/heart.png",
            "ascent": 5,
            "height": 10,
			"chars": ["\uE004"]
        },
        {
            "type": "bitmap",
            "file": "minecraft:custom/arrow_right.png",
            "ascent": 30,
            "height": 65,
			"chars": ["\uE005"]
        },
        {
            "type": "bitmap",
            "file": "minecraft:custom/arrow_left.png",
            "ascent": 30,
            "height": 65,
			"chars": ["\uE006"]
        },
        {
            "type": "bitmap",
            "file": "minecraft:custom/select.png",
            "ascent": 7,
            "height": 20,
			"chars": ["\uE007"]
        },
        {
            "type": "bitmap",
            "file": "minecraft:custom/time_left.png",
            "ascent": 10,
            "height": 36,
			"chars": ["\uE008"]
        },
        {
            "type": "bitmap",
            "file": "minecraft:custom/reloading.png",
            "ascent": 0,
            "height": 15,
			"chars": ["\uE009"]
        },
        {
            "type": "bitmap",
            "file": "minecraft:custom/hideandseek.png",
            "ascent": 0,
            "height": 120,
			"chars": ["\uE010"]
        },
        {
            "type": "bitmap",
            "file": "minecraft:custom/stevesays.png",
            "ascent": 90,
            "height": 110,
			"chars": ["\uE011"]
        },
        {
            "type": "bitmap",
            "file": "minecraft:custom/tntrun.png",
            "ascent": 0,
            "height": 120,
			"chars": ["\uE012"]
        },
        {
            "type": "bitmap",
            "file": "minecraft:custom/lamp_chain.png",
            "ascent": 25,
            "height": 170,
			"chars": ["\uE013"]
        },
        {
            "type": "bitmap",
            "file": "minecraft:custom/lamp_red.png",
            "ascent": 25,
            "height": 170,
			"chars": ["\uE014"]
        },
        {
            "type": "bitmap",
            "file": "minecraft:custom/lamp_yellow.png",
            "ascent": 25,
            "height": 170,
			"chars": ["\uE015"]
        },        
        {
            "type": "bitmap",
            "file": "minecraft:custom/lamp_green.png",
            "ascent": 25,
            "height": 170,
			"chars": ["\uE016"]
        },        
        {
            "type": "bitmap",
            "file": "minecraft:custom/lamp_chain_connect_l.png",
            "ascent": 25,
            "height": 170,
			"chars": ["\uE017"]
        },
        {
            "type": "bitmap",
            "file": "minecraft:custom/lamp_chain_connect_r.png",
            "ascent": 25,
            "height": 170,
			"chars": ["\uE018"]
        },
        {
            "type": "bitmap",
            "file": "minecraft:custom/thisway_arrow.png",
            "ascent": 0,
            "height": 65,
			"chars": ["\uE019"]
        },
        {
            "type": "bitmap",
            "file": "minecraft:custom/rlgl_logo.png",
            "ascent": 90,
            "height": 110,
			"chars": ["\uE020"]
        },
        {
            "type": "bitmap",
            "file": "minecraft:custom/quiver.png",
            "ascent": 15,
            "height": 25,
			"chars": ["\uE021"]
        },
        {
            "type": "bitmap",
            "file": "minecraft:custom/heart.png",
            "ascent": 15,
            "height": 20,
			"chars": ["\uE022"]
        },
        {
            "type": "bitmap",
            "file": "minecraft:custom/no_heart.png",
            "ascent": 15,
            "height": 20,
			"chars": ["\uE023"]
        },
        {
            "type": "bitmap",
            "file": "minecraft:custom/crossy_market.png",
            "ascent": 90,
            "height": 110,
			"chars": ["\uE024"]
        },
        {
            "type": "bitmap",
            "file": "minecraft:custom/castle_snipers.png",
            "ascent": 90,
            "height": 110,
			"chars": ["\uE025"]
        },
        {
            "type": "bitmap",
            "file": "minecraft:custom/heart.png",
            "ascent": 8,
            "height": 10,
			"chars": ["\uE026"]
        },
        {
            "type": "bitmap",
            "file": "minecraft:custom/no_heart.png",
            "ascent": 5,
            "height": 10,
			"chars": ["\uE027"]
        },
        {
            "type": "bitmap",
            "file": "minecraft:custom/skull.png",
            "ascent": 45,
            "height": 60,
			"chars": ["\uE028"]
        },
        {
            "type": "bitmap",
            "file": "minecraft:custom/player_switch.png",
            "ascent": 25,
            "height": 25,
			"chars": ["\uE029"]
        },
        {
            "type": "bitmap",
            "file": "minecraft:custom/hideandseek.png",
            "ascent": 20,
            "height": 40,
			"chars": ["\uE030"]
        },
        {
            "type": "bitmap",
            "file": "minecraft:custom/stevesays.png",
            "ascent": 20,
            "height": 40,
			"chars": ["\uE031"]
        },
        {
            "type": "bitmap",
            "file": "minecraft:custom/tntrun.png",
            "ascent": 20,
            "height": 40,
			"chars": ["\uE032"]
        },
        {
            "type": "bitmap",
            "file": "minecraft:custom/rlgl_logo.png",
            "ascent": 20,
            "height": 40,
			"chars": ["\uE033"]
        },
        {
            "type": "bitmap",
            "file": "minecraft:custom/crossy_market.png",
            "ascent": 20,
            "height": 40,
			"chars": ["\uE034"]
        },
        {
            "type": "bitmap",
            "file": "minecraft:custom/castle_snipers.png",
            "ascent": 20,
            "height": 40,
			"chars": ["\uE035"]
        },
        {
            "type": "bitmap",
            "file": "minecraft:custom/death_follow.png",
            "ascent": 40,
            "height": 40,
			"chars": ["\uE036"]
        },
        {
            "type": "bitmap",
            "file": "minecraft:custom/death_coming.png",
            "ascent": 35,
            "height": 70,
			"chars": ["\uE037"]
        },
        {
            "type": "bitmap",
            "file": "minecraft:custom/killers_won.png",
            "ascent": 35,
            "height": 70,
			"chars": ["\uE038"]
        },
        {
            "type": "bitmap",
            "file": "minecraft:custom/runners_won.png",
            "ascent": 35,
            "height": 70,
			"chars": ["\uE039"]
        },
        {
            "type": "bitmap",
            "file": "minecraft:custom/ai_killer_won.png",
            "ascent": 35,
            "height": 70,
			"chars": ["\uE040"]
        },
        {
            "type": "bitmap",
            "file": "minecraft:custom/draw.png",
            "ascent": 35,
            "height": 70,
			"chars": ["\uE041"]
        },
        {
            "type": "bitmap",
            "file": "minecraft:custom/infinity.png",
            "ascent": 14,
            "height": 20,
			"chars": ["\uE042"]
        },
        {
            "type": "bitmap",
            "file": "minecraft:custom/destroy_lifeblock.png",
            "ascent": 30,
            "height": 60,
			"chars": ["\uE043"]
        },
        {
            "type": "bitmap",
            "file": "minecraft:custom/protect_lifeblock.png",
            "ascent": 30,
            "height": 60,
			"chars": ["\uE044"]
        }
    ]
}