{
  "providers": [
    {
      "file": "minecraft:font/settings_font.png",
      "ascent": 7,
      "chars": [
        "ÀÁÂÈÊËÍÓÔÕÚßãõğİ",
        "ıŒœŞşŴŵžȇ\u0000\u0000\u0000\u0000\u0000\u0000\u0000",
        " !\"#$%\u0026\u0027()*+,-./",
        "0123456789:;\u003c\u003d\u003e?",
        "@ABCDEFGHIJKLMNO",
        "PQRSTUVWXYZ[\\]^_",
        "`abcdefghijklmno",
        "pqrstuvwxyz{|}~\u0000",
        "ÇüéâäàåçêëèïîìÄÅ",
        "ÉæÆôöòûùÿÖÜø£Ø×ƒ",
        "áíóúñÑªº¿®¬½¼¡«»",
        "░▒▓│┤╡╢╖╕╣║╗╝╜╛┐",
        "└┴┬├─┼╞╟╚╔╩╦╠═╬╧",
        "╨╤╥╙╘╒╓╫╪┘┌█▄▌▐▀",
        "αβΓπΣσμτΦΘΩδ∞∅∈∩",
        "≡±≥≤⌠⌡÷≈°∙·√ⁿ²■\u0000"
      ],
      "type": "bitmap"
    }
  ]
}