{
	"credit": "Made with Blockbench",
	"textures": {
		"0": "item/ai_killer_antenna",
		"1": "item/ai_killer",
		"particle": "item/ai_killer_antenna"
	},
	"elements": [
		{
			"from": [7, 23, 7],
			"to": [9, 23.25, 9],
			"rotation": {"angle": 0, "axis": "y", "origin": [8, 23.75, 8.125]},
			"faces": {
				"north": {"uv": [0, 9.66667, 5.33333, 10.66667], "texture": "#0"},
				"east": {"uv": [0, 9.66667, 5.33333, 10.66667], "texture": "#0"},
				"south": {"uv": [0, 5.6, 5.33333, 6.6], "texture": "#0"},
				"west": {"uv": [0, 5.6, 5.33333, 6.6], "texture": "#0"},
				"up": {"uv": [5, 10.66667, 0, 5.66667], "texture": "#0"},
				"down": {"uv": [5, 10.66667, 0, 5.66667], "texture": "#0"}
			}
		},
		{
			"from": [7.5, 23.25, 8],
			"to": [8.5, 27.5, 8],
			"rotation": {"angle": 0, "axis": "y", "origin": [8, 23.75, 8.125]},
			"faces": {
				"north": {"uv": [5.46667, 0, 7.93333, 10.66667], "texture": "#0"},
				"east": {"uv": [0, 0, 0, 4], "texture": "#0"},
				"south": {"uv": [5.46667, 0, 7.93333, 10.53333], "texture": "#0"},
				"west": {"uv": [0, 0, 0, 4], "texture": "#0"},
				"up": {"uv": [1, 0, 0, 0], "texture": "#0"},
				"down": {"uv": [1, 0, 0, 0], "texture": "#0"}
			}
		},
		{
			"from": [7.25, 27.75, 8],
			"to": [8.75, 29.25, 8],
			"rotation": {"angle": 0, "axis": "y", "origin": [8, 23.75, 8.125]},
			"faces": {
				"north": {"uv": [0, 0, 5.33333, 5.33333], "texture": "#0"},
				"east": {"uv": [0, 0, 0, 2], "texture": "#0"},
				"south": {"uv": [0, 0, 5.33333, 5.33333], "texture": "#0"},
				"west": {"uv": [0, 0, 0, 2], "texture": "#0"},
				"up": {"uv": [2, 0, 0, 0], "texture": "#0"},
				"down": {"uv": [2, 0, 0, 0], "texture": "#0"}
			}
		},
		{
			"from": [7.75, 27.5, 8],
			"to": [8.25, 27.75, 8],
			"rotation": {"angle": 0, "axis": "y", "origin": [8, 23.75, 8.125]},
			"faces": {
				"north": {"uv": [5.50003, 0, 8, 1], "texture": "#0"},
				"east": {"uv": [0, 0, 0, 1], "texture": "#0"},
				"south": {"uv": [5.5, 0, 8, 1], "texture": "#0"},
				"west": {"uv": [0, 0, 0, 1], "texture": "#0"},
				"up": {"uv": [1, 0, 0, 0], "texture": "#0"},
				"down": {"uv": [1, 0, 0, 0], "texture": "#0"}
			}
		},
		{
			"name": "Head",
			"from": [4, 15, 4],
			"to": [12, 23, 12],
			"rotation": {"angle": 0, "axis": "y", "origin": [8, 23.75, 8.125]},
			"faces": {
				"north": {"uv": [2, 2, 4, 4], "texture": "#1"},
				"east": {"uv": [0, 2, 2, 4], "texture": "#1"},
				"south": {"uv": [6, 2, 8, 4], "texture": "#1"},
				"west": {"uv": [4, 2, 6, 4], "texture": "#1"},
				"up": {"uv": [4, 2, 2, 0], "texture": "#1"},
				"down": {"uv": [6, 0, 4, 2], "texture": "#1"}
			}
		},
		{
			"name": "Hat Layer",
			"from": [3.8, 14.7, 3.95],
			"to": [12.2, 23.3, 12.55],
			"rotation": {"angle": 0, "axis": "y", "origin": [8, 23.75, 8.125]},
			"faces": {
				"north": {"uv": [10, 2, 12, 4], "texture": "#1"},
				"east": {"uv": [8, 2, 10, 4], "texture": "#1"},
				"south": {"uv": [14, 2, 16, 4], "texture": "#1"},
				"west": {"uv": [12, 2, 14, 4], "texture": "#1"},
				"up": {"uv": [12, 2, 10, 0], "texture": "#1"},
				"down": {"uv": [14, 0, 12, 2], "texture": "#1"}
			}
		}
	],
	"display": {
		"head": {
			"rotation": [3, 0, 0],
			"translation": [0, -20, -0.5],
			"scale": [2, 2, 2]
		}
	},
	"groups": [
		{
			"name": "antena",
			"origin": [0, 0, 0],
			"color": 0,
			"children": [0, 1, 2, 3]
		},
		{
			"name": "Head",
			"origin": [0, 24, 0],
			"rotation": [6, -5, 0],
			"color": 0,
			"children": [4, 5]
		}
	]
}