{
	"credit": "Made with Blockbench",
	"texture_size": [64, 64],
	"textures": {
		"0": "item/death_texture",
		"1": "item/death_face_anim_single_frame",
		"particle": "item/death_texture"
	},
	"elements": [
		{
			"from": [3.5, 11.04771, 4.10242],
			"to": [12.5, 11.04771, 8.10242],
			"rotation": {"angle": 0, "axis": "y", "origin": [8, 6.04771, 8.63003]},
			"faces": {
				"north": {"uv": [2.25, 5.75, 4.5, 5.75], "texture": "#0"},
				"east": {"uv": [1.25, 5.75, 2.25, 5.75], "texture": "#0"},
				"south": {"uv": [5.5, 5.75, 7.75, 5.75], "texture": "#0"},
				"west": {"uv": [4.5, 5.75, 5.5, 5.75], "texture": "#0"},
				"up": {"uv": [4.5, 5.75, 2.25, 4.75], "texture": "#0"},
				"down": {"uv": [6.75, 4.75, 4.5, 5.75], "texture": "#0"}
			}
		},
		{
			"from": [3.5, 1.04771, 5.10242],
			"to": [12.5, 11.04771, 5.10242],
			"rotation": {"angle": 0, "axis": "y", "origin": [8, 6.04771, 8.63003]},
			"faces": {
				"north": {"uv": [0.90476, 0, 14.58333, 16], "texture": "#1"},
				"east": {"uv": [7, 3, 7, 5.5], "texture": "#0"},
				"south": {"uv": [9.25, 3, 11.5, 5.5], "texture": "#0"},
				"west": {"uv": [9.25, 3, 9.25, 5.5], "texture": "#0"},
				"up": {"uv": [9.25, 3, 7, 3], "texture": "#0"},
				"down": {"uv": [11.5, 3, 9.25, 3], "texture": "#0"}
			}
		},
		{
			"from": [3.5, 1.04771, 4.10242],
			"to": [3.5, 11.04771, 8.10242],
			"rotation": {"angle": 0, "axis": "y", "origin": [8, 6.04771, 8.63003]},
			"faces": {
				"north": {"uv": [9.5, 9.5, 9.5, 12], "texture": "#0"},
				"east": {"uv": [11.25, 3, 10.25, 5.5], "texture": "#0"},
				"south": {"uv": [10.5, 9.5, 10.5, 12], "texture": "#0"},
				"west": {"uv": [10.25, 3, 9.25, 5.5], "texture": "#0"},
				"up": {"uv": [9.5, 9.5, 9.5, 8.5], "texture": "#0"},
				"down": {"uv": [9.5, 8.5, 9.5, 9.5], "texture": "#0"}
			}
		},
		{
			"from": [12.5, 1.04771, 4.10242],
			"to": [12.5, 11.04771, 8.10242],
			"rotation": {"angle": 0, "axis": "y", "origin": [8, 6.04771, 8.63003]},
			"faces": {
				"north": {"uv": [9.5, 9.5, 9.5, 12], "texture": "#0"},
				"east": {"uv": [9.25, 3, 10.25, 5.5], "texture": "#0"},
				"south": {"uv": [10.5, 9.5, 10.5, 12], "texture": "#0"},
				"west": {"uv": [10.25, 3, 11.25, 5.5], "texture": "#0"},
				"up": {"uv": [9.5, 9.5, 9.5, 8.5], "texture": "#0"},
				"down": {"uv": [9.5, 8.5, 9.5, 9.5], "texture": "#0"}
			}
		},
		{
			"from": [12.5, 1.04771, 8.10242],
			"to": [12.5, 9.04771, 11.10242],
			"rotation": {"angle": 0, "axis": "y", "origin": [8, 6.04771, 8.63003]},
			"faces": {
				"north": {"uv": [0.75, 4.75, 0.75, 6.75], "texture": "#0"},
				"east": {"uv": [0, 4.75, 0.75, 6.75], "texture": "#0"},
				"south": {"uv": [1.5, 4.75, 1.5, 6.75], "texture": "#0"},
				"west": {"uv": [0.75, 4.75, 1.5, 6.75], "texture": "#0"},
				"up": {"uv": [0.75, 4.75, 0.75, 4], "texture": "#0"},
				"down": {"uv": [0.75, 4, 0.75, 4.75], "texture": "#0"}
			}
		},
		{
			"from": [3.5, 1.04771, 8.10242],
			"to": [3.5, 9.04771, 11.10242],
			"rotation": {"angle": 0, "axis": "y", "origin": [8, 6.04771, 8.63003]},
			"faces": {
				"north": {"uv": [0.75, 4.75, 0.75, 6.75], "texture": "#0"},
				"east": {"uv": [1.5, 4.75, 0.75, 6.75], "texture": "#0"},
				"south": {"uv": [1.5, 4.75, 1.5, 6.75], "texture": "#0"},
				"west": {"uv": [0.75, 4.75, 0, 6.75], "texture": "#0"},
				"up": {"uv": [0.75, 4.75, 0.75, 4], "texture": "#0"},
				"down": {"uv": [0.75, 4, 0.75, 4.75], "texture": "#0"}
			}
		},
		{
			"from": [12.5, 1.04771, 11.10242],
			"to": [12.5, 7.04771, 13.10242],
			"rotation": {"angle": 0, "axis": "y", "origin": [8, 6.04771, 8.63003]},
			"faces": {
				"north": {"uv": [4.5, 7, 4.5, 8.5], "texture": "#0"},
				"east": {"uv": [4, 7, 4.5, 8.5], "texture": "#0"},
				"south": {"uv": [5, 7, 5, 8.5], "texture": "#0"},
				"west": {"uv": [4.5, 7, 5, 8.5], "texture": "#0"},
				"up": {"uv": [4.5, 7, 4.5, 6.5], "texture": "#0"},
				"down": {"uv": [4.5, 6.5, 4.5, 7], "texture": "#0"}
			}
		},
		{
			"from": [3.5, 1.04771, 13.10242],
			"to": [12.5, 7.04771, 13.10242],
			"rotation": {"angle": 0, "axis": "y", "origin": [8, 6.04771, 8.63003]},
			"faces": {
				"north": {"uv": [4, 9.5, 6.25, 11], "texture": "#0"},
				"east": {"uv": [4, 9.5, 4, 11], "texture": "#0"},
				"south": {"uv": [6.25, 9.5, 8.5, 11], "texture": "#0"},
				"west": {"uv": [6.25, 9.5, 6.25, 11], "texture": "#0"},
				"up": {"uv": [6.25, 9.5, 4, 9.5], "texture": "#0"},
				"down": {"uv": [8.5, 9.5, 6.25, 9.5], "texture": "#0"}
			}
		},
		{
			"from": [3.5, 9.04771, 8.10242],
			"to": [12.5, 11.04771, 8.10242],
			"rotation": {"angle": 0, "axis": "y", "origin": [8, 6.04771, 8.63003]},
			"faces": {
				"north": {"uv": [7, 2.5, 9.25, 3], "texture": "#0"},
				"east": {"uv": [10.5, 9.5, 10.5, 10], "texture": "#0"},
				"south": {"uv": [9.25, 2.5, 11.5, 3], "texture": "#0"},
				"west": {"uv": [12.75, 9.5, 12.75, 10], "texture": "#0"},
				"up": {"uv": [12.75, 9.5, 10.5, 9.5], "texture": "#0"},
				"down": {"uv": [15, 9.5, 12.75, 9.5], "texture": "#0"}
			}
		},
		{
			"from": [3.5, 7.04771, 11.10242],
			"to": [12.5, 9.04771, 11.10242],
			"rotation": {"angle": 0, "axis": "y", "origin": [8, 6.04771, 8.63003]},
			"faces": {
				"north": {"uv": [6.75, 5.5, 9, 6], "texture": "#0"},
				"east": {"uv": [6.75, 5.5, 6.75, 6], "texture": "#0"},
				"south": {"uv": [9, 5.5, 11.25, 6], "texture": "#0"},
				"west": {"uv": [9, 5.5, 9, 6], "texture": "#0"},
				"up": {"uv": [9, 5.5, 6.75, 5.5], "texture": "#0"},
				"down": {"uv": [11.25, 5.5, 9, 5.5], "texture": "#0"}
			}
		},
		{
			"from": [3.5, 1.04771, 11.10242],
			"to": [3.5, 7.04771, 13.10242],
			"rotation": {"angle": 0, "axis": "y", "origin": [8, 6.04771, 8.63003]},
			"faces": {
				"north": {"uv": [4.5, 7, 4.5, 8.5], "texture": "#0"},
				"east": {"uv": [5, 7, 4.5, 8.5], "texture": "#0"},
				"south": {"uv": [5, 7, 5, 8.5], "texture": "#0"},
				"west": {"uv": [4.5, 7, 4, 8.5], "texture": "#0"},
				"up": {"uv": [4.5, 7, 4.5, 6.5], "texture": "#0"},
				"down": {"uv": [4.5, 6.5, 4.5, 7], "texture": "#0"}
			}
		},
		{
			"from": [3.5, 1.04771, 4.10242],
			"to": [12.5, 1.04771, 13.10242],
			"rotation": {"angle": 0, "axis": "y", "origin": [8, 6.04771, 8.63003]},
			"faces": {
				"north": {"uv": [4.5, 7, 2.25, 7], "texture": "#0"},
				"east": {"uv": [6.75, 7, 4.5, 7], "texture": "#0"},
				"south": {"uv": [9, 7, 6.75, 7], "texture": "#0"},
				"west": {"uv": [2.25, 7, 0, 7], "texture": "#0"},
				"up": {"uv": [2.25, 7, 4.5, 4.75], "texture": "#0"},
				"down": {"uv": [4.5, 4.75, 6.75, 7], "texture": "#0"}
			}
		},
		{
			"from": [3.5, 7.04771, 11.10242],
			"to": [12.5, 7.04771, 13.10242],
			"rotation": {"angle": 0, "axis": "y", "origin": [8, 6.04771, 8.63003]},
			"faces": {
				"north": {"uv": [2.25, 7, 4.5, 7], "texture": "#0"},
				"east": {"uv": [1.75, 7, 2.25, 7], "texture": "#0"},
				"south": {"uv": [5, 7, 7.25, 7], "texture": "#0"},
				"west": {"uv": [4.5, 7, 5, 7], "texture": "#0"},
				"up": {"uv": [4.5, 7, 2.25, 6.5], "texture": "#0"},
				"down": {"uv": [6.75, 6.5, 4.5, 7], "texture": "#0"}
			}
		},
		{
			"from": [3.5, 9.04771, 8.10242],
			"to": [12.5, 9.04771, 11.10242],
			"rotation": {"angle": 0, "axis": "y", "origin": [8, 6.04771, 8.63003]},
			"faces": {
				"north": {"uv": [2.25, 6.5, 4.5, 6.5], "texture": "#0"},
				"east": {"uv": [1.5, 6.5, 2.25, 6.5], "texture": "#0"},
				"south": {"uv": [5.25, 6.5, 7.5, 6.5], "texture": "#0"},
				"west": {"uv": [4.5, 6.5, 5.25, 6.5], "texture": "#0"},
				"up": {"uv": [4.5, 6.5, 2.25, 5.75], "texture": "#0"},
				"down": {"uv": [6.75, 5.75, 4.5, 6.5], "texture": "#0"}
			}
		},
		{
			"name": "nose",
			"from": [7, 0.40736, 3.15765],
			"to": [9, 4.40736, 5.15765],
			"rotation": {"angle": 0, "axis": "y", "origin": [8, 6.04771, 8.63003]},
			"faces": {
				"north": {"uv": [11.75, 6, 12.25, 7], "texture": "#0"},
				"east": {"uv": [11.25, 6, 11.75, 7], "texture": "#0"},
				"south": {"uv": [12.75, 6, 13.25, 7], "texture": "#0"},
				"west": {"uv": [12.25, 6, 12.75, 7], "texture": "#0"},
				"up": {"uv": [12.25, 6, 11.75, 5.5], "texture": "#0"},
				"down": {"uv": [12.75, 5.5, 12.25, 6], "texture": "#0"}
			}
		}
	],
	"display": {
		"head": {
			"rotation": [3.5, 0, 0],
			"translation": [0, 8.25, 0],
			"scale": [1.75, 1.75, 1.75]
		}
	},
	"groups": [
		{
			"name": "Deaths Head",
			"origin": [0, 0, 0],
			"color": 0,
			"children": [0, 1, 2, 3, 4, 5, 6, 7, 8, 9, 10, 11, 12, 13, 14]
		}
	]
}