{
	"credit": "Made with Blockbench",
	"textures": {
		"0": "block/custom/head_arrow",
		"particle": "block/custom/head_arrow"
	},
	"elements": [
		{
			"from": [4, 1.75, 7],
			"to": [13, 2.25, 7],
			"faces": {
				"north": {"uv": [0, 0, 9, 1], "texture": "#0"},
				"east": {"uv": [0, 0, 0, 1], "texture": "#0"},
				"south": {"uv": [0, 1, 9, 2], "texture": "#0"},
				"west": {"uv": [0, 0, 0, 1], "texture": "#0"},
				"up": {"uv": [9, 0, 0, 0], "texture": "#0"},
				"down": {"uv": [9, 0, 0, 0], "texture": "#0"}
			}
		},
		{
			"from": [13, 1.5, 7],
			"to": [14, 2.5, 7],
			"rotation": {"angle": 0, "axis": "y", "origin": [13.625, 2, 7]},
			"faces": {
				"north": {"uv": [0, 8, 1, 9], "texture": "#0"},
				"east": {"uv": [0, 0, 0, 1], "texture": "#0"},
				"south": {"uv": [1, 8, 2, 9], "texture": "#0"},
				"west": {"uv": [0, 0, 0, 1], "texture": "#0"},
				"up": {"uv": [1, 0, 0, 0], "texture": "#0"},
				"down": {"uv": [1, 0, 0, 0], "texture": "#0"}
			}
		},
		{
			"from": [14, 1.75, 7],
			"to": [14.5, 2.25, 7],
			"rotation": {"angle": 0, "axis": "y", "origin": [14.5, 2, 7]},
			"faces": {
				"north": {"uv": [2, 8, 3, 9], "texture": "#0"},
				"east": {"uv": [0, 0, 0, 1], "texture": "#0"},
				"south": {"uv": [3, 8, 4, 9], "texture": "#0"},
				"west": {"uv": [0, 0, 0, 1], "texture": "#0"},
				"up": {"uv": [1, 0, 0, 0], "texture": "#0"},
				"down": {"uv": [1, 0, 0, 0], "texture": "#0"}
			}
		},
		{
			"from": [14, 2, 6.75],
			"to": [14.5, 2, 7.25],
			"rotation": {"angle": 0, "axis": "x", "origin": [14.5, 2, 7]},
			"faces": {
				"north": {"uv": [0, 0, 1, 0], "texture": "#0"},
				"east": {"uv": [0, 0, 1, 0], "texture": "#0"},
				"south": {"uv": [0, 0, 1, 0], "texture": "#0"},
				"west": {"uv": [0, 0, 1, 0], "texture": "#0"},
				"up": {"uv": [5, 9, 4, 8], "texture": "#0"},
				"down": {"uv": [9, 4, 8, 5], "texture": "#0"}
			}
		},
		{
			"from": [13, 2, 6.5],
			"to": [14, 2, 7.5],
			"rotation": {"angle": 0, "axis": "x", "origin": [13.625, 2, 7]},
			"faces": {
				"north": {"uv": [0, 0, 1, 0], "texture": "#0"},
				"east": {"uv": [0, 0, 1, 0], "texture": "#0"},
				"south": {"uv": [0, 0, 1, 0], "texture": "#0"},
				"west": {"uv": [0, 0, 1, 0], "texture": "#0"},
				"up": {"uv": [6, 9, 5, 8], "texture": "#0"},
				"down": {"uv": [9, 5, 8, 6], "texture": "#0"}
			}
		},
		{
			"from": [3.5, 2.25, 7],
			"to": [5, 2.75, 7],
			"rotation": {"angle": 0, "axis": "x", "origin": [4, 2, 7]},
			"faces": {
				"north": {"uv": [0, 4, 2, 5], "texture": "#0"},
				"east": {"uv": [0, 0, 0, 1], "texture": "#0"},
				"south": {"uv": [2, 4, 4, 5], "texture": "#0"},
				"west": {"uv": [0, 0, 0, 1], "texture": "#0"},
				"up": {"uv": [2, 0, 0, 0], "texture": "#0"},
				"down": {"uv": [2, 0, 0, 0], "texture": "#0"}
			}
		},
		{
			"from": [3, 2.75, 7],
			"to": [4.5, 3.25, 7],
			"rotation": {"angle": 0, "axis": "x", "origin": [4, 2, 7]},
			"faces": {
				"north": {"uv": [4, 4, 6, 5], "texture": "#0"},
				"east": {"uv": [0, 0, 0, 1], "texture": "#0"},
				"south": {"uv": [0, 5, 2, 6], "texture": "#0"},
				"west": {"uv": [0, 0, 0, 1], "texture": "#0"},
				"up": {"uv": [2, 0, 0, 0], "texture": "#0"},
				"down": {"uv": [2, 0, 0, 0], "texture": "#0"}
			}
		},
		{
			"from": [3.5, 1.25, 7],
			"to": [5, 1.75, 7],
			"rotation": {"angle": 0, "axis": "x", "origin": [4, 2, 7]},
			"faces": {
				"north": {"uv": [2, 5, 4, 6], "texture": "#0"},
				"east": {"uv": [0, 0, 0, 1], "texture": "#0"},
				"south": {"uv": [4, 5, 6, 6], "texture": "#0"},
				"west": {"uv": [0, 0, 0, 1], "texture": "#0"},
				"up": {"uv": [2, 0, 0, 0], "texture": "#0"},
				"down": {"uv": [2, 0, 0, 0], "texture": "#0"}
			}
		},
		{
			"from": [3, 0.75, 7],
			"to": [4.5, 1.25, 7],
			"rotation": {"angle": 0, "axis": "x", "origin": [4, 2, 7]},
			"faces": {
				"north": {"uv": [0, 6, 2, 7], "texture": "#0"},
				"east": {"uv": [0, 0, 0, 1], "texture": "#0"},
				"south": {"uv": [2, 6, 4, 7], "texture": "#0"},
				"west": {"uv": [0, 0, 0, 1], "texture": "#0"},
				"up": {"uv": [2, 0, 0, 0], "texture": "#0"},
				"down": {"uv": [2, 0, 0, 0], "texture": "#0"}
			}
		},
		{
			"from": [3, 2, 5.75],
			"to": [4.5, 2, 6.25],
			"rotation": {"angle": 0, "axis": "x", "origin": [4, 2, 7]},
			"faces": {
				"north": {"uv": [0, 0, 2, 0], "texture": "#0"},
				"east": {"uv": [0, 0, 1, 0], "texture": "#0"},
				"south": {"uv": [0, 0, 2, 0], "texture": "#0"},
				"west": {"uv": [0, 0, 1, 0], "texture": "#0"},
				"up": {"uv": [6, 7, 4, 6], "texture": "#0"},
				"down": {"uv": [8, 4, 6, 5], "texture": "#0"}
			}
		},
		{
			"from": [3.5, 2, 6.25],
			"to": [5, 2, 6.75],
			"rotation": {"angle": 0, "axis": "x", "origin": [4, 2, 7]},
			"faces": {
				"north": {"uv": [0, 0, 2, 0], "texture": "#0"},
				"east": {"uv": [0, 0, 1, 0], "texture": "#0"},
				"south": {"uv": [0, 0, 2, 0], "texture": "#0"},
				"west": {"uv": [0, 0, 1, 0], "texture": "#0"},
				"up": {"uv": [8, 6, 6, 5], "texture": "#0"},
				"down": {"uv": [8, 6, 6, 7], "texture": "#0"}
			}
		},
		{
			"from": [3, 2, 7.75],
			"to": [4.5, 2, 8.25],
			"rotation": {"angle": 0, "axis": "x", "origin": [4, 2, 7]},
			"faces": {
				"north": {"uv": [0, 0, 2, 0], "texture": "#0"},
				"east": {"uv": [0, 0, 1, 0], "texture": "#0"},
				"south": {"uv": [0, 0, 2, 0], "texture": "#0"},
				"west": {"uv": [0, 0, 1, 0], "texture": "#0"},
				"up": {"uv": [2, 8, 0, 7], "texture": "#0"},
				"down": {"uv": [4, 7, 2, 8], "texture": "#0"}
			}
		},
		{
			"from": [3.5, 2, 7.25],
			"to": [5, 2, 7.75],
			"rotation": {"angle": 0, "axis": "x", "origin": [4, 2, 7]},
			"faces": {
				"north": {"uv": [0, 0, 2, 0], "texture": "#0"},
				"east": {"uv": [0, 0, 1, 0], "texture": "#0"},
				"south": {"uv": [0, 0, 2, 0], "texture": "#0"},
				"west": {"uv": [0, 0, 1, 0], "texture": "#0"},
				"up": {"uv": [6, 8, 4, 7], "texture": "#0"},
				"down": {"uv": [8, 7, 6, 8], "texture": "#0"}
			}
		},
		{
			"from": [4, 2, 6.75],
			"to": [13, 2, 7.25],
			"faces": {
				"north": {"uv": [0, 0, 9, 0], "texture": "#0"},
				"east": {"uv": [0, 0, 1, 0], "texture": "#0"},
				"south": {"uv": [0, 0, 9, 0], "texture": "#0"},
				"west": {"uv": [0, 0, 1, 0], "texture": "#0"},
				"up": {"uv": [9, 3, 0, 2], "texture": "#0"},
				"down": {"uv": [9, 3, 0, 4], "texture": "#0"}
			}
		}
	],
	"display": {
		"gui": {
			"translation": [-1, 9, 0],
			"scale": [1.5, 1.5, 1]
		},
		"head": {
			"translation": [-1.75, 12, 2.25],
			"scale": [2, 2, 2]
		}
	}
}