{
	"credit": "Made with Blockbench",
	"texture_size": [93, 93],
	"textures": {
		"0": "block/custom/bomb_hat",
		"particle": "block/custom/bomb_hat"
	},
	"elements": [
		{
			"from": [0, 9, 0],
			"to": [2, 14, 16],
			"faces": {
				"north": {"uv": [7.91398, 6.02151, 7.56989, 6.88172], "texture": "#0"},
				"east": {"uv": [10.66667, 6.02151, 7.91398, 6.88172], "texture": "#0"},
				"south": {"uv": [2.06451, 6.70968, 1.72043, 5.84947], "texture": "#0"},
				"west": {"uv": [7.56989, 6.02151, 4.8172, 6.88172], "texture": "#0"},
				"up": {"uv": [7.56989, 6.02151, 7.91398, 3.26882], "texture": "#0"},
				"down": {"uv": [7.91398, 3.26882, 8.25806, 6.02151], "texture": "#0"}
			}
		},
		{
			"from": [0, 14, 0],
			"to": [16, 16, 16],
			"faces": {
				"north": {"uv": [7.74194, 2.75269, 10.49462, 3.09677], "texture": "#0"},
				"east": {"uv": [4.98925, 2.75269, 7.74194, 3.09677], "texture": "#0"},
				"south": {"uv": [13.24731, 2.75269, 16, 3.09677], "texture": "#0"},
				"west": {"uv": [10.49462, 2.75269, 13.24731, 3.09677], "texture": "#0"},
				"up": {"uv": [10.49462, 2.75269, 7.74194, 0], "texture": "#0"},
				"down": {"uv": [10.49462, 0, 7.74193, 2.75269], "texture": "#0"}
			}
		},
		{
			"from": [2, 9, 0],
			"to": [14, 14, 2],
			"rotation": {"angle": 0, "axis": "y", "origin": [3, 5, 10]},
			"faces": {
				"north": {"uv": [0.34409, 2.4086, 2.4086, 3.26882], "texture": "#0"},
				"east": {"uv": [0, 2.4086, 0.34409, 3.26882], "texture": "#0"},
				"south": {"uv": [2.75269, 2.4086, 4.8172, 3.26882], "texture": "#0"},
				"west": {"uv": [2.4086, 2.4086, 2.75269, 3.26882], "texture": "#0"},
				"up": {"uv": [2.4086, 2.4086, 0.34409, 2.06452], "texture": "#0"},
				"down": {"uv": [4.47312, 2.06452, 2.4086, 2.4086], "texture": "#0"}
			}
		},
		{
			"from": [0, 0, 4],
			"to": [2, 9, 16],
			"faces": {
				"north": {"uv": [2.4086, 5.33333, 2.06452, 6.88172], "texture": "#0"},
				"east": {"uv": [4.47312, 5.33333, 2.4086, 6.88172], "texture": "#0"},
				"south": {"uv": [4.8172, 5.33333, 4.47312, 6.88172], "texture": "#0"},
				"west": {"uv": [2.06452, 5.33333, 0, 6.88172], "texture": "#0"},
				"up": {"uv": [2.06452, 5.33333, 2.4086, 3.26882], "texture": "#0"},
				"down": {"uv": [2.4086, 3.26882, 2.75269, 5.33333], "texture": "#0"}
			}
		},
		{
			"from": [14, 0, 4],
			"to": [16, 9, 16],
			"faces": {
				"north": {"uv": [2.06452, 5.33333, 2.4086, 6.88172], "texture": "#0"},
				"east": {"uv": [0, 5.33333, 2.06452, 6.88172], "texture": "#0"},
				"south": {"uv": [4.47312, 5.33333, 4.8172, 6.88172], "texture": "#0"},
				"west": {"uv": [2.4086, 5.33333, 4.47312, 6.88172], "texture": "#0"},
				"up": {"uv": [2.4086, 5.33333, 2.06452, 3.26882], "texture": "#0"},
				"down": {"uv": [2.75269, 3.26882, 2.4086, 5.33333], "texture": "#0"}
			}
		},
		{
			"from": [14, 9, 0],
			"to": [16, 14, 16],
			"faces": {
				"north": {"uv": [7.56989, 6.02151, 7.91398, 6.88172], "texture": "#0"},
				"east": {"uv": [4.8172, 6.02151, 7.56989, 6.88172], "texture": "#0"},
				"south": {"uv": [4.47312, 6.70968, 4.8172, 5.84947], "texture": "#0"},
				"west": {"uv": [7.91398, 6.02151, 10.66667, 6.88172], "texture": "#0"},
				"up": {"uv": [7.91398, 6.02151, 7.56989, 3.26882], "texture": "#0"},
				"down": {"uv": [8.25806, 3.26882, 7.91398, 6.02151], "texture": "#0"}
			}
		},
		{
			"from": [2, 0, 14],
			"to": [14, 14, 16],
			"rotation": {"angle": 0, "axis": "y", "origin": [3, 5, 10]},
			"faces": {
				"north": {"uv": [11.35484, 4.47312, 13.41935, 6.88172], "texture": "#0"},
				"east": {"uv": [11.01075, 4.47312, 11.35484, 6.88172], "texture": "#0"},
				"south": {"uv": [13.76344, 4.47312, 15.82796, 6.88172], "texture": "#0"},
				"west": {"uv": [13.41935, 4.47312, 13.76344, 6.88172], "texture": "#0"},
				"up": {"uv": [13.41935, 4.47312, 11.35484, 4.12903], "texture": "#0"},
				"down": {"uv": [15.48387, 4.12903, 13.41935, 4.47312], "texture": "#0"}
			}
		},
		{
			"name": "igniter",
			"from": [6, 16, 6],
			"to": [10, 19, 10],
			"faces": {
				"north": {"uv": [5.50538, 5.33333, 6.19355, 5.84946], "texture": "#0"},
				"east": {"uv": [4.8172, 5.33333, 5.50538, 5.84946], "texture": "#0"},
				"south": {"uv": [6.88172, 5.33333, 7.56989, 5.84946], "texture": "#0"},
				"west": {"uv": [6.19355, 5.33333, 6.88172, 5.84946], "texture": "#0"},
				"up": {"uv": [6.19355, 5.33333, 5.50538, 4.64516], "texture": "#0"},
				"down": {"uv": [6.88172, 4.64516, 6.19355, 5.33333], "texture": "#0"}
			}
		},
		{
			"from": [7, 19, 7],
			"to": [9, 23, 9],
			"faces": {
				"north": {"uv": [0.86022, 4.47312, 1.2043, 5.16129], "texture": "#0"},
				"east": {"uv": [0.51613, 4.47312, 0.86022, 5.16129], "texture": "#0"},
				"south": {"uv": [1.54839, 4.47312, 1.89247, 5.16129], "texture": "#0"},
				"west": {"uv": [1.2043, 4.47312, 1.54839, 5.16129], "texture": "#0"},
				"up": {"uv": [1.2043, 4.47312, 0.86022, 4.12903], "texture": "#0"},
				"down": {"uv": [1.54839, 4.12903, 1.2043, 4.47312], "texture": "#0"}
			}
		},
		{
			"from": [7, 21, 9],
			"to": [9, 23, 15],
			"faces": {
				"north": {"uv": [9.29032, 5.50538, 9.63441, 5.84946], "texture": "#0"},
				"east": {"uv": [8.25806, 5.50538, 9.29032, 5.84946], "texture": "#0"},
				"south": {"uv": [10.66667, 5.50538, 11.01075, 5.84946], "texture": "#0"},
				"west": {"uv": [9.63441, 5.50538, 10.66667, 5.84946], "texture": "#0"},
				"up": {"uv": [9.63441, 5.50538, 9.29032, 4.47312], "texture": "#0"},
				"down": {"uv": [9.97849, 4.47312, 9.63441, 5.50538], "texture": "#0"}
			}
		},
		{
			"from": [7, 18, 15],
			"to": [9, 23, 17],
			"faces": {
				"north": {"uv": [3.26882, 4.30108, 3.6129, 5.16129], "texture": "#0"},
				"east": {"uv": [2.92473, 4.30108, 3.26882, 5.16129], "texture": "#0"},
				"south": {"uv": [3.95699, 4.30108, 4.30108, 5.16129], "texture": "#0"},
				"west": {"uv": [3.6129, 4.30108, 3.95699, 5.16129], "texture": "#0"},
				"up": {"uv": [3.6129, 4.30108, 3.26882, 3.95699], "texture": "#0"},
				"down": {"uv": [3.95699, 3.95699, 3.6129, 4.30108], "texture": "#0"}
			}
		}
	],
	"display": {
		"gui": {
			"rotation": [-9, -158, 0],
			"translation": [0.25, 0, 0],
			"scale": [0.8, 0.8, 0.8]
		},
		"head": {
			"translation": [0, 1.25, 0]
		}
	},
	"groups": [
		{
			"name": "Helmet",
			"origin": [3, 5, 10],
			"color": 1,
			"children": [0, 1, 2, 3, 4, 5, 6]
		},
		7,
		{
			"name": "lint",
			"origin": [0, 0, 0],
			"color": 7,
			"children": [8, 9, 10]
		}
	]
}