{
	"credit": "Made with Blockbench",
	"texture_size": [64, 64],
	"textures": {
		"0": "block/custom/bucket_hat",
		"particle": "block/custom/bucket_hat"
	},
	"elements": [
		{
			"from": [1, 0, 1],
			"to": [15, 14, 15],
			"rotation": {"angle": 22.5, "axis": "x", "origin": [8, 7, 8]},
			"faces": {
				"north": {"uv": [3.5, 3.5, 7, 7], "texture": "#0"},
				"east": {"uv": [0, 3.5, 3.5, 7], "texture": "#0"},
				"south": {"uv": [10.5, 3.5, 14, 7], "texture": "#0"},
				"west": {"uv": [7, 3.5, 10.5, 7], "texture": "#0"},
				"up": {"uv": [7, 3.5, 3.5, 0], "texture": "#0"},
				"down": {"uv": [10.5, 0, 7, 3.5], "texture": "#0"}
			}
		},
		{
			"from": [0.999, -4, 1.5],
			"to": [0.999, 4, 3],
			"faces": {
				"north": {"uv": [0.75, 0.25, 0.75, 2.25], "texture": "#0"},
				"east": {"uv": [0.5, 0.25, 0.75, 2.25], "texture": "#0"},
				"south": {"uv": [1, 0.25, 1, 2.25], "texture": "#0"},
				"west": {"uv": [0.75, 0.25, 1, 2.25], "texture": "#0"},
				"up": {"uv": [0.75, 0.25, 0.75, 0], "texture": "#0"},
				"down": {"uv": [0.75, 0, 0.75, 0.25], "texture": "#0"}
			}
		},
		{
			"from": [0.999, -4, 1.5],
			"to": [14.999, -4, 3],
			"faces": {
				"north": {"uv": [0.25, 7.25, 3.75, 7.25], "texture": "#0"},
				"east": {"uv": [0, 7.25, 0.25, 7.25], "texture": "#0"},
				"south": {"uv": [4, 7.25, 7.5, 7.25], "texture": "#0"},
				"west": {"uv": [3.75, 7.25, 4, 7.25], "texture": "#0"},
				"up": {"uv": [3.75, 7.25, 0.25, 7], "texture": "#0"},
				"down": {"uv": [7.25, 7, 3.75, 7.25], "texture": "#0"}
			}
		},
		{
			"from": [15.001, -4, 1.5],
			"to": [15.001, 4, 3],
			"faces": {
				"north": {"uv": [0.25, 0.25, 0.25, 2.25], "texture": "#0"},
				"east": {"uv": [0, 0.25, 0.25, 2.25], "texture": "#0"},
				"south": {"uv": [0.5, 0.25, 0.5, 2.25], "texture": "#0"},
				"west": {"uv": [0.25, 0.25, 0.5, 2.25], "texture": "#0"},
				"up": {"uv": [0.25, 0.25, 0.25, 0], "texture": "#0"},
				"down": {"uv": [0.25, 0, 0.25, 0.25], "texture": "#0"}
			}
		}
	],
	"display": {
		"gui": {
			"rotation": [-167, -17, 180],
			"translation": [0, 1.5, 0]
		},
		"head": {
			"rotation": [-5, 0, 0],
			"translation": [0, 7.5, 1.5],
			"scale": [1.15, 1.15, 1.15]
		}
	}
}