{
	"credit": "Made with Blockbench",
	"textures": {
		"0": "block/custom/cat_face"
	},
	"elements": [
		{
			"name": "head",
			"from": [6.5, 7.02, -5],
			"to": [9.5, 9.02, -3],
			"rotation": {"angle": 0, "axis": "y", "origin": [8, 0, 8]},
			"faces": {
				"north": {"uv": [2, 2, 5, 4], "texture": "#0"},
				"east": {"uv": [0, 2, 2, 4], "texture": "#0"},
				"south": {"uv": [7, 2, 10, 4], "texture": "#0"},
				"west": {"uv": [5, 2, 7, 4], "texture": "#0"},
				"up": {"uv": [5, 2, 2, 0], "texture": "#0"},
				"down": {"uv": [8, 0, 5, 2], "texture": "#0"}
			}
		},
		{
			"name": "head",
			"from": [9.5, 13, -1],
			"to": [10.5, 14, 1],
			"rotation": {"angle": 0, "axis": "y", "origin": [10, 14, -2]},
			"faces": {
				"north": {"uv": [3, 7, 4, 8], "texture": "#0"},
				"east": {"uv": [1, 6, 3, 7], "texture": "#0"},
				"south": {"uv": [0, 7, 1, 8], "texture": "#0"},
				"west": {"uv": [4, 7, 6, 8], "texture": "#0"},
				"up": {"uv": [3, 6, 1, 5], "rotation": 90, "texture": "#0"},
				"down": {"uv": [5, 5, 3, 6], "rotation": 270, "texture": "#0"}
			}
		},
		{
			"name": "head",
			"from": [5.5, 13, -1],
			"to": [6.5, 14, 1],
			"rotation": {"angle": 0, "axis": "y", "origin": [6, 14, -2]},
			"faces": {
				"north": {"uv": [4, 7, 3, 8], "texture": "#0"},
				"east": {"uv": [6, 7, 4, 8], "texture": "#0"},
				"south": {"uv": [1, 7, 0, 8], "texture": "#0"},
				"west": {"uv": [3, 6, 1, 7], "texture": "#0"},
				"up": {"uv": [1, 6, 3, 5], "rotation": 270, "texture": "#0"},
				"down": {"uv": [3, 5, 5, 6], "rotation": 90, "texture": "#0"}
			}
		},
		{
			"from": [5, 8.25, -4.75],
			"to": [6.5, 8.75, -4.75],
			"faces": {
				"north": {"uv": [2, 2, 3, 2.5], "texture": "#0"},
				"east": {"uv": [0, 0, 0, 0.5], "texture": "#0"},
				"south": {"uv": [2, 2, 3, 2.5], "texture": "#0"},
				"west": {"uv": [0, 0, 0, 0.5], "texture": "#0"},
				"up": {"uv": [0, 0, 2, 0], "texture": "#0"},
				"down": {"uv": [0, 0, 2, 0], "texture": "#0"}
			}
		},
		{
			"from": [9.5, 8.25, -4.75],
			"to": [11, 8.75, -4.75],
			"faces": {
				"north": {"uv": [2, 2, 3, 2.5], "texture": "#0"},
				"east": {"uv": [0, 0, 0, 0.5], "texture": "#0"},
				"south": {"uv": [2, 2, 3, 2.5], "texture": "#0"},
				"west": {"uv": [0, 0, 0, 0.5], "texture": "#0"},
				"up": {"uv": [0, 0, 2, 0], "texture": "#0"},
				"down": {"uv": [0, 0, 2, 0], "texture": "#0"}
			}
		},
		{
			"from": [5.5, 7.25, -4.75],
			"to": [6.5, 7.75, -4.75],
			"faces": {
				"north": {"uv": [2, 2, 2.5, 2.5], "texture": "#0"},
				"east": {"uv": [0, 0, 0, 0.5], "texture": "#0"},
				"south": {"uv": [2, 2, 2.5, 2.5], "texture": "#0"},
				"west": {"uv": [0, 0, 0, 0.5], "texture": "#0"},
				"up": {"uv": [0, 0, 1.5, 0], "texture": "#0"},
				"down": {"uv": [0, 0, 1.5, 0], "texture": "#0"}
			}
		},
		{
			"from": [9.5, 7.25, -4.75],
			"to": [10.5, 7.75, -4.75],
			"faces": {
				"north": {"uv": [2, 2, 2.5, 2.5], "texture": "#0"},
				"east": {"uv": [0, 0, 0, 0.5], "texture": "#0"},
				"south": {"uv": [2, 2, 2.5, 2.5], "texture": "#0"},
				"west": {"uv": [0, 0, 0, 0.5], "texture": "#0"},
				"up": {"uv": [0, 0, 1.5, 0], "texture": "#0"},
				"down": {"uv": [0, 0, 1.5, 0], "texture": "#0"}
			}
		}
	],
	"display": {
		"gui": {
			"rotation": [0, -170, 0],
			"translation": [-7.5, -5.25, 0],
			"scale": [2, 2, 4]
		},
		"head": {
			"translation": [0, -3.75, 17.75],
			"scale": [2, 2, 2]
		}
	},
	"groups": [
		{
			"name": "head",
			"origin": [8, 9, -1],
			"color": 0,
			"children": [0, 1, 2]
		},
		3,
		4,
		5,
		6
	]
}