{
	"credit": "Made with Blockbench",
	"texture_size": [64, 64],
	"textures": {
		"0": "item/corpse_player",
		"1": "item/corpse_anim",
		"particle": "item/corpse_anim"
	},
	"elements": [
		{
			"name": "head",
			"from": [4, -2, 10.97789],
			"to": [12, 6, 18.97789],
			"rotation": {"angle": 0, "axis": "x", "origin": [8, 15, 3.97788]},
			"faces": {
				"north": {"uv": [6, 0, 4, 2], "rotation": 180, "texture": "#0"},
				"east": {"uv": [0, 2, 2, 4], "rotation": 270, "texture": "#0"},
				"south": {"uv": [4, 2, 2, 0], "texture": "#0"},
				"west": {"uv": [4, 2, 6, 4], "rotation": 90, "texture": "#0"},
				"up": {"uv": [0, 0, 16, 16], "rotation": 180, "texture": "#1"},
				"down": {"uv": [6, 2, 8, 4], "texture": "#0"}
			}
		},
		{
			"name": "headwear",
			"from": [3.5, -2, 9.97789],
			"to": [12.5, 7, 18.97789],
			"rotation": {"angle": 0, "axis": "x", "origin": [8, 15, 3.97788]},
			"faces": {
				"north": {"uv": [14, 0, 12, 2], "rotation": 180, "texture": "#0"},
				"east": {"uv": [8, 2, 10, 4], "rotation": 270, "texture": "#0"},
				"south": {"uv": [12, 2, 10, 0], "texture": "#0"},
				"west": {"uv": [12, 2, 14, 4], "rotation": 90, "texture": "#0"},
				"up": {"uv": [10, 2, 12, 4], "rotation": 180, "texture": "#0"},
				"down": {"uv": [14, 2, 16, 4], "texture": "#0"}
			}
		},
		{
			"name": "body",
			"from": [4, 0, -1.02212],
			"to": [12, 4, 10.97789],
			"rotation": {"angle": 0, "axis": "x", "origin": [8, 15, 3.97788]},
			"faces": {
				"north": {"uv": [9, 4, 7, 5], "rotation": 180, "texture": "#0"},
				"east": {"uv": [4, 5, 5, 8], "rotation": 270, "texture": "#0"},
				"south": {"uv": [7, 5, 5, 4], "texture": "#0"},
				"west": {"uv": [7, 5, 8, 8], "rotation": 90, "texture": "#0"},
				"up": {"uv": [5, 5, 7, 8], "rotation": 180, "texture": "#0"},
				"down": {"uv": [8, 5, 10, 8], "texture": "#0"}
			}
		},
		{
			"name": "left_arm",
			"from": [0, -0.01, -1.05032],
			"to": [4, 3.99, 10.94969],
			"rotation": {"angle": 45, "axis": "y", "origin": [2, 2, 9]},
			"faces": {
				"north": {"uv": [12, 4, 13, 5], "rotation": 180, "texture": "#0"},
				"east": {"uv": [13, 5, 12, 8], "rotation": 270, "texture": "#0"},
				"south": {"uv": [11, 5, 12, 4], "texture": "#0"},
				"west": {"uv": [11, 5, 10, 8], "rotation": 90, "texture": "#0"},
				"up": {"uv": [12, 5, 11, 8], "rotation": 180, "texture": "#0"},
				"down": {"uv": [14, 5, 13, 8], "texture": "#0"}
			}
		},
		{
			"name": "right_arm",
			"from": [12.02922, -0.01, 7],
			"to": [24.02923, 3.99, 11],
			"rotation": {"angle": -22.5, "axis": "y", "origin": [14, 2, 9]},
			"faces": {
				"north": {"uv": [12, 5, 13, 8], "rotation": 90, "texture": "#0"},
				"east": {"uv": [13, 4, 12, 5], "rotation": 180, "texture": "#0"},
				"south": {"uv": [10, 5, 11, 8], "rotation": 270, "texture": "#0"},
				"west": {"uv": [12, 5, 11, 4], "texture": "#0"},
				"up": {"uv": [11, 5, 12, 8], "rotation": 270, "texture": "#0"},
				"down": {"uv": [13, 5, 14, 8], "rotation": 270, "texture": "#0"}
			}
		},
		{
			"name": "left_leg",
			"from": [4, 0, -13.02211],
			"to": [8, 3.9, -1.02212],
			"rotation": {"angle": 45, "axis": "y", "origin": [8, 2, -1.02211]},
			"faces": {
				"north": {"uv": [2, 4, 3, 5], "rotation": 180, "texture": "#0"},
				"east": {"uv": [3, 5, 2, 8], "rotation": 270, "texture": "#0"},
				"south": {"uv": [1, 5, 2, 4], "texture": "#0"},
				"west": {"uv": [1, 5, 0, 8], "rotation": 90, "texture": "#0"},
				"up": {"uv": [2, 5, 1, 8], "rotation": 180, "texture": "#0"},
				"down": {"uv": [4, 5, 3, 8], "texture": "#0"}
			}
		},
		{
			"name": "left_leg",
			"from": [8, 0, -13.02211],
			"to": [12, 3.9, -1.02212],
			"rotation": {"angle": -22.5, "axis": "y", "origin": [8, 2, -1.02211]},
			"faces": {
				"north": {"uv": [2, 4, 3, 5], "rotation": 180, "texture": "#0"},
				"east": {"uv": [3, 5, 2, 8], "rotation": 270, "texture": "#0"},
				"south": {"uv": [1, 5, 2, 4], "texture": "#0"},
				"west": {"uv": [1, 5, 0, 8], "rotation": 90, "texture": "#0"},
				"up": {"uv": [2, 5, 1, 8], "rotation": 180, "texture": "#0"},
				"down": {"uv": [4, 5, 3, 8], "texture": "#0"}
			}
		}
	],
	"display": {
		"thirdperson_righthand": {
			"rotation": [61.75, 0, 0],
			"translation": [0, 0, -0.75],
			"scale": [0.25, 0.25, 0.25]
		},
		"thirdperson_lefthand": {
			"rotation": [69.75, 0, 0],
			"scale": [0.25, 0.25, 0.25]
		},
		"firstperson_righthand": {
			"scale": [0.26367, 0.26367, 0.26367]
		},
		"firstperson_lefthand": {
			"scale": [0.30273, 0.30273, 0.30273]
		},
		"gui": {
			"rotation": [-180, 36.25, -180],
			"translation": [0, -3.75, 0],
			"scale": [0.52148, 0.52148, 0.52148]
		},
		"head": {
			"translation": [0, 13, 0],
			"scale": [1.6, 1.65, 1.6]
		},
		"fixed": {
			"translation": [0, -5, 0]
		}
	},
	"groups": [
		{
			"name": "head",
			"origin": [8, 24, 8],
			"color": 0,
			"children": [0]
		},
		{
			"name": "headwear",
			"origin": [8, 24, 8],
			"color": 0,
			"children": [1]
		},
		{
			"name": "body",
			"origin": [8, 24, 8],
			"color": 0,
			"children": [2]
		},
		{
			"name": "left_arm",
			"origin": [3, 22, 8],
			"color": 0,
			"children": [3]
		},
		{
			"name": "right_arm",
			"origin": [13, 22, 8],
			"color": 0,
			"children": [4]
		},
		{
			"name": "left_leg",
			"origin": [6.1, 12, 8],
			"color": 0,
			"children": [5]
		},
		{
			"name": "right_leg",
			"origin": [9.9, 12, 8],
			"color": 0,
			"children": [6]
		}
	]
}