{
	"credit": "Made with Blockbench",
	"texture_size": [64, 32],
	"textures": {
		"0": "item/exploded_player"
	},
	"elements": [
		{
			"name": "head",
			"from": [4, 0.25, 22.75],
			"to": [12, 8.25, 30.75],
			"rotation": {"angle": 0, "axis": "x", "origin": [8, 4, 26.75]},
			"faces": {
				"north": {"uv": [2, 4, 4, 8], "texture": "#0"},
				"east": {"uv": [0, 4, 2, 8], "texture": "#0"},
				"south": {"uv": [6, 4, 8, 8], "texture": "#0"},
				"west": {"uv": [4, 4, 6, 8], "texture": "#0"},
				"up": {"uv": [4, 4, 2, 0], "texture": "#0"},
				"down": {"uv": [6, 0, 4, 4], "texture": "#0"}
			}
		},
		{
			"name": "headwear",
			"from": [3.5, -0.75, 22.25],
			"to": [12.5, 8.25, 31.25],
			"rotation": {"angle": 0, "axis": "x", "origin": [8, 4, 26.75]},
			"faces": {
				"north": {"uv": [10, 4, 12, 8], "texture": "#0"},
				"east": {"uv": [8, 4, 10, 8], "texture": "#0"},
				"south": {"uv": [14, 4, 16, 8], "texture": "#0"},
				"west": {"uv": [12, 4, 14, 8], "texture": "#0"},
				"up": {"uv": [12, 4, 10, 0], "texture": "#0"},
				"down": {"uv": [14, 0, 12, 4], "texture": "#0"}
			}
		},
		{
			"name": "body",
			"from": [6, 0, 4],
			"to": [14, 4, 16],
			"rotation": {"angle": -22.5, "axis": "y", "origin": [10, 2, 11.75]},
			"faces": {
				"north": {"uv": [9, 8, 7, 10], "rotation": 180, "texture": "#0"},
				"east": {"uv": [4, 10, 5, 16], "rotation": 270, "texture": "#0"},
				"south": {"uv": [7, 10, 5, 8], "texture": "#0"},
				"west": {"uv": [7, 10, 8, 16], "rotation": 90, "texture": "#0"},
				"up": {"uv": [5, 10, 7, 16], "rotation": 180, "texture": "#0"},
				"down": {"uv": [8, 10, 10, 16], "texture": "#0"}
			}
		},
		{
			"name": "body",
			"from": [6.5, 0.75, 4.5],
			"to": [13.5, 3.25, 14.5],
			"rotation": {"angle": -22.5, "axis": "y", "origin": [10, 2, 11.75]},
			"faces": {
				"north": {"uv": [9, 8, 7, 10], "rotation": 180, "texture": "#0"},
				"east": {"uv": [4, 10, 5, 16], "rotation": 270, "texture": "#0"},
				"south": {"uv": [7, 10, 5, 8], "texture": "#0"},
				"west": {"uv": [7, 10, 8, 16], "rotation": 90, "texture": "#0"},
				"up": {"uv": [5, 10, 7, 16], "rotation": 180, "texture": "#0"},
				"down": {"uv": [8, 10, 10, 16], "texture": "#0"}
			}
		},
		{
			"name": "left_arm",
			"from": [-5, 1, -9],
			"to": [-3, 3, 3],
			"rotation": {"angle": 22.5, "axis": "y", "origin": [3, 2, 9]},
			"faces": {
				"north": {"uv": [11, 8, 11.5, 9], "rotation": 180, "texture": "#0"},
				"east": {"uv": [11.5, 9, 11, 15], "rotation": 270, "texture": "#0"},
				"south": {"uv": [10.5, 9, 11, 8], "texture": "#0"},
				"west": {"uv": [10.5, 9, 10, 15], "rotation": 90, "texture": "#0"},
				"up": {"uv": [11, 9, 10.5, 15], "rotation": 180, "texture": "#0"},
				"down": {"uv": [12, 9, 11.5, 15], "texture": "#0"}
			}
		},
		{
			"name": "right_arm",
			"from": [20, 0, -5],
			"to": [32, 2, -3],
			"rotation": {"angle": -45, "axis": "y", "origin": [13, 4, 9]},
			"faces": {
				"north": {"uv": [11, 9, 11.5, 15], "rotation": 90, "texture": "#0"},
				"east": {"uv": [11.5, 8, 11, 9], "rotation": 180, "texture": "#0"},
				"south": {"uv": [10, 9, 10.5, 15], "rotation": 270, "texture": "#0"},
				"west": {"uv": [11, 9, 10.5, 8], "texture": "#0"},
				"up": {"uv": [10.5, 9, 11, 15], "rotation": 270, "texture": "#0"},
				"down": {"uv": [11.5, 9, 12, 15], "rotation": 270, "texture": "#0"}
			}
		},
		{
			"name": "left_leg",
			"from": [0, 1, -16],
			"to": [2, 3, -4],
			"rotation": {"angle": 0, "axis": "x", "origin": [8, 17, 8]},
			"faces": {
				"north": {"uv": [1, 8, 1.5, 9], "rotation": 180, "texture": "#0"},
				"east": {"uv": [1.5, 9, 1, 15], "rotation": 270, "texture": "#0"},
				"south": {"uv": [0.5, 9, 1, 8], "texture": "#0"},
				"west": {"uv": [0.5, 9, 0, 15], "rotation": 90, "texture": "#0"},
				"up": {"uv": [1, 9, 0.5, 15], "rotation": 180, "texture": "#0"},
				"down": {"uv": [2, 9, 1.5, 15], "texture": "#0"}
			}
		},
		{
			"name": "right_leg",
			"from": [11, 1, -16],
			"to": [13, 3, -4],
			"rotation": {"angle": -22.5, "axis": "y", "origin": [10, 2, -3]},
			"faces": {
				"north": {"uv": [1.5, 8, 1, 9], "rotation": 180, "texture": "#0"},
				"east": {"uv": [0, 9, 0.5, 15], "rotation": 270, "texture": "#0"},
				"south": {"uv": [1, 9, 0.5, 8], "texture": "#0"},
				"west": {"uv": [1, 9, 1.5, 15], "rotation": 90, "texture": "#0"},
				"up": {"uv": [0.5, 9, 1, 15], "rotation": 180, "texture": "#0"},
				"down": {"uv": [1.5, 9, 2, 15], "texture": "#0"}
			}
		}
	],
	"display": {
		"thirdperson_righthand": {
			"rotation": [61.75, 0, 0],
			"translation": [0, 0, -0.75],
			"scale": [0.25, 0.25, 0.25]
		},
		"thirdperson_lefthand": {
			"rotation": [69.75, 0, 0],
			"scale": [0.25, 0.25, 0.25]
		},
		"firstperson_righthand": {
			"scale": [0.26367, 0.26367, 0.26367]
		},
		"firstperson_lefthand": {
			"scale": [0.30273, 0.30273, 0.30273]
		},
		"gui": {
			"rotation": [-180, 36.25, -180],
			"translation": [0, -3.75, 0],
			"scale": [0.52148, 0.52148, 0.52148]
		},
		"head": {
			"translation": [0, 13, 0],
			"scale": [1.6, 1.65, 1.6]
		},
		"fixed": {
			"translation": [0, -5, 0]
		}
	}
}