{
	"credit": "Made with Blockbench",
	"textures": {
		"0": "block/custom/frankenstein_bolts",
		"particle": "block/custom/frankenstein_bolts"
	},
	"elements": [
		{
			"from": [3, -0.25, 7.25],
			"to": [6, 1.25, 8.75],
			"rotation": {"angle": 0, "axis": "y", "origin": [1.5, 0.5, 8.5]},
			"faces": {
				"north": {"uv": [6, 1, 9, 2], "texture": "#0"},
				"east": {"uv": [5, 1, 6, 2], "texture": "#0"},
				"south": {"uv": [10, 1, 13, 2], "texture": "#0"},
				"west": {"uv": [9, 1, 10, 2], "texture": "#0"},
				"up": {"uv": [9, 1, 6, 0], "texture": "#0"},
				"down": {"uv": [12, 0, 9, 1], "texture": "#0"}
			}
		},
		{
			"from": [2, -1, 6.5],
			"to": [3, 2, 9.5],
			"rotation": {"angle": 0, "axis": "y", "origin": [1.5, 0.5, 8.5]},
			"faces": {
				"north": {"uv": [4, 3, 3, 6], "texture": "#0"},
				"east": {"uv": [7, 3, 4, 6], "texture": "#0"},
				"south": {"uv": [8, 3, 7, 6], "texture": "#0"},
				"west": {"uv": [3, 3, 0, 6], "rotation": 180, "texture": "#0"},
				"up": {"uv": [3, 3, 4, 0], "texture": "#0"},
				"down": {"uv": [4, 0, 5, 3], "texture": "#0"}
			}
		},
		{
			"from": [13, -1, 6.5],
			"to": [14, 2, 9.5],
			"rotation": {"angle": 0, "axis": "y", "origin": [13.5, 0.5, 8.5]},
			"faces": {
				"north": {"uv": [3, 3, 4, 6], "texture": "#0"},
				"east": {"uv": [0, 3, 3, 6], "texture": "#0"},
				"south": {"uv": [7, 3, 8, 6], "texture": "#0"},
				"west": {"uv": [4, 3, 7, 6], "texture": "#0"},
				"up": {"uv": [4, 3, 3, 0], "rotation": 180, "texture": "#0"},
				"down": {"uv": [5, 0, 4, 3], "rotation": 180, "texture": "#0"}
			}
		},
		{
			"from": [10, -0.25, 7.25],
			"to": [13, 1.25, 8.75],
			"rotation": {"angle": 0, "axis": "y", "origin": [13.5, 0.5, 8.5]},
			"faces": {
				"north": {"uv": [6, 1, 9, 2], "texture": "#0"},
				"east": {"uv": [5, 1, 6, 2], "texture": "#0"},
				"south": {"uv": [10, 1, 13, 2], "texture": "#0"},
				"west": {"uv": [9, 1, 10, 2], "texture": "#0"},
				"up": {"uv": [9, 1, 6, 0], "rotation": 180, "texture": "#0"},
				"down": {"uv": [12, 0, 9, 1], "rotation": 180, "texture": "#0"}
			}
		}
	],
	"display": {
		"gui": {
			"rotation": [11, 34, 0],
			"translation": [0, 9.5, 0],
			"scale": [1.5, 1.5, 1.5]
		},
		"head": {
			"translation": [0, 6.5, 0],
			"scale": [1.5, 1.5, 1.5]
		}
	}
}