{
	"credit": "Made with Blockbench",
	"texture_size": [64, 64],
	"textures": {
		"0": "item/frozen_player",
		"1": "item/frozen_anim",
		"particle": "item/frozen_anim"
	},
	"elements": [
		{
			"name": "head",
			"from": [4, 23.1, 0],
			"to": [12, 31.1, 8],
			"rotation": {"angle": 0, "axis": "x", "origin": [8, 21.6, 2.58579]},
			"faces": {
				"north": {"uv": [0, 0, 16, 16], "texture": "#1"},
				"east": {"uv": [0, 2, 2, 4], "texture": "#0"},
				"south": {"uv": [6, 2, 8, 4], "texture": "#0"},
				"west": {"uv": [4, 2, 6, 4], "texture": "#0"},
				"up": {"uv": [4, 2, 2, 0], "texture": "#0"},
				"down": {"uv": [6, 0, 4, 2], "texture": "#0"}
			}
		},
		{
			"name": "headwear",
			"from": [3.5, 22.1, -0.5],
			"to": [12.5, 31.1, 8.5],
			"rotation": {"angle": 0, "axis": "x", "origin": [8, 21.6, 2.58579]},
			"faces": {
				"north": {"uv": [10, 2, 12, 4], "texture": "#0"},
				"east": {"uv": [8, 2, 10, 4], "texture": "#0"},
				"south": {"uv": [14, 2, 16, 4], "texture": "#0"},
				"west": {"uv": [12, 2, 14, 4], "texture": "#0"},
				"up": {"uv": [12, 2, 10, 0], "texture": "#0"},
				"down": {"uv": [14, 0, 12, 2], "texture": "#0"}
			}
		},
		{
			"name": "body",
			"from": [4, 10.6, 2],
			"to": [12, 22.6, 6],
			"rotation": {"angle": -22.5, "axis": "x", "origin": [8, 21.6, 2.58579]},
			"faces": {
				"north": {"uv": [5, 5, 7, 8], "texture": "#0"},
				"east": {"uv": [4, 5, 5, 8], "texture": "#0"},
				"south": {"uv": [8, 5, 10, 8], "texture": "#0"},
				"west": {"uv": [7, 5, 8, 8], "texture": "#0"},
				"up": {"uv": [7, 5, 5, 4], "texture": "#0"},
				"down": {"uv": [9, 4, 7, 5], "texture": "#0"}
			}
		},
		{
			"name": "left_arm",
			"from": [0, 19.5218, -4.19423],
			"to": [4, 23.5218, 7.80577],
			"rotation": {"angle": -22.5, "axis": "x", "origin": [2, 17.5218, 5.80577]},
			"faces": {
				"north": {"uv": [12, 4, 13, 5], "rotation": 180, "texture": "#0"},
				"east": {"uv": [13, 5, 12, 8], "rotation": 270, "texture": "#0"},
				"south": {"uv": [11, 5, 12, 4], "texture": "#0"},
				"west": {"uv": [11, 5, 10, 8], "rotation": 90, "texture": "#0"},
				"up": {"uv": [12, 5, 11, 8], "rotation": 180, "texture": "#0"},
				"down": {"uv": [14, 5, 13, 8], "texture": "#0"}
			}
		},
		{
			"name": "right_arm",
			"from": [12, 11.89289, 2.29289],
			"to": [16, 23.89289, 6.29289],
			"rotation": {"angle": 22.5, "axis": "x", "origin": [8, 21.6, 2.58579]},
			"faces": {
				"north": {"uv": [11, 5, 12, 8], "texture": "#0"},
				"east": {"uv": [10, 5, 11, 8], "texture": "#0"},
				"south": {"uv": [13, 5, 14, 8], "texture": "#0"},
				"west": {"uv": [12, 5, 13, 8], "texture": "#0"},
				"up": {"uv": [12, 5, 11, 4], "texture": "#0"},
				"down": {"uv": [13, 4, 12, 5], "texture": "#0"}
			}
		},
		{
			"name": "left_leg",
			"from": [4, 0, 6],
			"to": [8, 12, 10],
			"rotation": {"angle": -22.5, "axis": "x", "origin": [6, 12, 8]},
			"faces": {
				"north": {"uv": [2, 5, 1, 8], "texture": "#0"},
				"east": {"uv": [3, 5, 2, 8], "texture": "#0"},
				"south": {"uv": [4, 5, 3, 8], "texture": "#0"},
				"west": {"uv": [1, 5, 0, 8], "texture": "#0"},
				"up": {"uv": [1, 5, 2, 4], "texture": "#0"},
				"down": {"uv": [2, 4, 3, 5], "texture": "#0"}
			}
		},
		{
			"name": "right_leg",
			"from": [8.1, 2.5, 2.35],
			"to": [11.9, 8.5, 6.35],
			"rotation": {"angle": 22.5, "axis": "x", "origin": [10, 9, 4]},
			"faces": {
				"north": {"uv": [1, 6.5, 2, 8], "texture": "#0"},
				"east": {"uv": [0, 6.5, 1, 8], "texture": "#0"},
				"south": {"uv": [3, 6.5, 4, 8], "texture": "#0"},
				"west": {"uv": [2, 6.5, 3, 8], "texture": "#0"},
				"up": {"uv": [2, 5, 1, 4], "texture": "#0"},
				"down": {"uv": [3, 4, 2, 5], "texture": "#0"}
			}
		},
		{
			"name": "right_leg",
			"from": [8, 6, 6],
			"to": [12, 12, 10],
			"rotation": {"angle": 45, "axis": "x", "origin": [10, 12, 8]},
			"faces": {
				"north": {"uv": [1, 5, 2, 6.5], "texture": "#0"},
				"east": {"uv": [0, 5, 1, 6.5], "texture": "#0"},
				"south": {"uv": [3, 5, 4, 6.5], "texture": "#0"},
				"west": {"uv": [2, 5, 3, 6.5], "texture": "#0"},
				"up": {"uv": [2, 5, 1, 4], "texture": "#0"},
				"down": {"uv": [2, 4, 1, 5], "texture": "#0"}
			}
		}
	],
	"display": {
		"thirdperson_righthand": {
			"rotation": [61.75, 0, 0],
			"translation": [0, 0, -0.75],
			"scale": [0.25, 0.25, 0.25]
		},
		"thirdperson_lefthand": {
			"rotation": [69.75, 0, 0],
			"scale": [0.25, 0.25, 0.25]
		},
		"firstperson_righthand": {
			"scale": [0.26367, 0.26367, 0.26367]
		},
		"firstperson_lefthand": {
			"scale": [0.30273, 0.30273, 0.30273]
		},
		"gui": {
			"rotation": [-180, 36.25, -180],
			"translation": [0, -3.75, 0],
			"scale": [0.52148, 0.52148, 0.52148]
		},
		"head": {
			"translation": [0, 11.25, 0],
			"scale": [1.6, 1.6, 1.6]
		},
		"fixed": {
			"translation": [0, -5, 0]
		}
	},
	"groups": [
		{
			"name": "head",
			"origin": [8, 24, 8],
			"color": 0,
			"children": [0]
		},
		{
			"name": "headwear",
			"origin": [8, 24, 8],
			"color": 0,
			"children": [1]
		},
		{
			"name": "body",
			"origin": [8, 24, 8],
			"color": 0,
			"children": [2]
		},
		{
			"name": "left_arm",
			"origin": [3, 22, 8],
			"color": 0,
			"children": [3]
		},
		{
			"name": "right_arm",
			"origin": [13, 22, 8],
			"color": 0,
			"children": [4]
		},
		{
			"name": "left_leg",
			"origin": [6.1, 12, 8],
			"color": 0,
			"children": [5]
		},
		{
			"name": "right_leg",
			"origin": [9.9, 12, 8],
			"color": 0,
			"children": [6, 7]
		}
	]
}