{
	"credit": "Made with Blockbench",
	"texture_size": [64, 64],
	"textures": {
		"0": "block/custom/black_wool_hat",
		"particle": "block/custom/black_wool_hat"
	},
	"elements": [
		{
			"from": [2.5, 13.5, 2],
			"to": [13.5, 17.75, 13],
			"rotation": {"angle": 0, "axis": "y", "origin": [8, 15.75, 7.5]},
			"faces": {
				"north": {"uv": [2.75, 6.75, 5.5, 7.75], "rotation": 180, "texture": "#0"},
				"east": {"uv": [0, 6.75, 2.75, 7.75], "rotation": 270, "texture": "#0"},
				"south": {"uv": [8.25, 6.75, 11, 7.75], "texture": "#0"},
				"west": {"uv": [5.5, 6.75, 8.25, 7.75], "rotation": 90, "texture": "#0"},
				"up": {"uv": [5.5, 6.75, 2.75, 4], "rotation": 180, "texture": "#0"},
				"down": {"uv": [8.25, 4, 5.5, 6.75], "texture": "#0"}
			}
		},
		{
			"from": [0.5, 13, 0],
			"to": [15.5, 14, 15],
			"rotation": {"angle": 0, "axis": "y", "origin": [8, 15.75, 7.5]},
			"faces": {
				"north": {"uv": [3.75, 3.75, 7.5, 4], "rotation": 180, "texture": "#0"},
				"east": {"uv": [0, 3.75, 3.75, 4], "rotation": 270, "texture": "#0"},
				"south": {"uv": [11.25, 3.75, 15, 4], "texture": "#0"},
				"west": {"uv": [7.5, 3.75, 11.25, 4], "rotation": 90, "texture": "#0"},
				"up": {"uv": [7.5, 3.75, 3.75, 0], "rotation": 180, "texture": "#0"},
				"down": {"uv": [11.25, 0, 7.5, 3.75], "texture": "#0"}
			}
		},
		{
			"from": [4.5, 17.5, 4],
			"to": [11.5, 18.5, 11],
			"rotation": {"angle": 0, "axis": "y", "origin": [8, 15.75, 7.5]},
			"faces": {
				"north": {"uv": [1.75, 9.5, 3.5, 9.75], "rotation": 180, "texture": "#0"},
				"east": {"uv": [0, 9.5, 1.75, 9.75], "rotation": 270, "texture": "#0"},
				"south": {"uv": [5.25, 9.5, 7, 9.75], "texture": "#0"},
				"west": {"uv": [3.5, 9.5, 5.25, 9.75], "rotation": 90, "texture": "#0"},
				"up": {"uv": [3.5, 9.5, 1.75, 7.75], "rotation": 180, "texture": "#0"},
				"down": {"uv": [5.25, 7.75, 3.5, 9.5], "texture": "#0"}
			}
		}
	],
	"display": {
		"gui": {
			"rotation": [12, 8, 0],
			"translation": [0, -5.75, 0]
		},
		"head": {
			"translation": [0, -6, 0.75],
			"scale": [1.4, 1.4, 1.4]
		}
	},
	"groups": [
		{
			"name": "group",
			"origin": [8, 17.5, 8.25],
			"color": 0,
			"children": [0, 1, 2]
		}
	]
}