{
	"credit": "Made with Blockbench",
	"textures": {
		"0": "block/custom/horse_head",
		"particle": "block/custom/horse_head"
	},
	"elements": [
		{
			"from": [8, 6.25, 6.25],
			"to": [9, 14, 8],
			"rotation": {"angle": -45, "axis": "x", "origin": [9.5, 14.5, 6.5]},
			"faces": {
				"north": {"uv": [10, 5, 11, 14.75], "texture": "#0"},
				"east": {"uv": [10, 5, 11, 15], "texture": "#0"},
				"south": {"uv": [10, 5, 11, 14.75], "texture": "#0"},
				"west": {"uv": [11, 5, 10, 15], "texture": "#0"},
				"up": {"uv": [10, 5, 11, 6.75], "texture": "#0"},
				"down": {"uv": [10, 5, 11, 6.75], "texture": "#0"}
			}
		},
		{
			"from": [6.5, 7.125, 4.5],
			"to": [10.5, 11.875, 10.5],
			"rotation": {"angle": -45, "axis": "x", "origin": [8, 3.5, 8]},
			"faces": {
				"north": {"uv": [8, 0, 12, 4.75], "texture": "#0"},
				"east": {"uv": [0, 5, 6, 10], "texture": "#0"},
				"south": {"uv": [0, 6, 4, 10.75], "texture": "#0"},
				"west": {"uv": [0, 5, 6, 10], "texture": "#0"},
				"up": {"uv": [6, 5, 10, 13], "texture": "#0"},
				"down": {"uv": [0, 5, 4, 13], "texture": "#0"}
			}
		},
		{
			"from": [5.5, 7.0625, 9.5],
			"to": [11.5, 11.9375, 15.5],
			"rotation": {"angle": -45, "axis": "x", "origin": [8, 3.5, 8]},
			"faces": {
				"north": {"uv": [0, 0, 6, 4.875], "texture": "#0"},
				"east": {"uv": [0, 0, 8, 4.875], "texture": "#0"},
				"south": {"uv": [6, 5, 0, 10.5], "texture": "#0"},
				"west": {"uv": [8, 0, 0, 4.875], "texture": "#0"},
				"up": {"uv": [0, 5, 6, 13], "texture": "#0"},
				"down": {"uv": [0, 5, 6, 13], "texture": "#0"}
			}
		},
		{
			"from": [6.5, 4.125, 9],
			"to": [10.5, 7.0625, 14.5],
			"rotation": {"angle": -45, "axis": "x", "origin": [8, 3.5, 8]},
			"faces": {
				"north": {"uv": [6, 5, 10, 9.9375], "texture": "#0"},
				"east": {"uv": [6, 5, 0, 9.9375], "texture": "#0"},
				"south": {"uv": [0, 5, 6, 11], "texture": "#0"},
				"west": {"uv": [0, 5, 6, 9.9375], "texture": "#0"},
				"up": {"uv": [0, 5.5, 4, 11.5], "texture": "#0"},
				"down": {"uv": [6, 10, 10, 16], "texture": "#0"}
			}
		},
		{
			"from": [6, 14, 6.5],
			"to": [8, 16, 7.25],
			"rotation": {"angle": -45, "axis": "x", "origin": [9.5, 14.5, 6.5]},
			"faces": {
				"north": {"uv": [10, 0, 12, 1.5], "texture": "#0"},
				"east": {"uv": [0, 0, 0.75, 2], "texture": "#0"},
				"south": {"uv": [0, 11, 2, 13], "texture": "#0"},
				"west": {"uv": [0, 0, 0.75, 2], "texture": "#0"},
				"up": {"uv": [0, 0, 2, 0.75], "texture": "#0"},
				"down": {"uv": [0, 0, 2, 0.75], "texture": "#0"}
			}
		},
		{
			"from": [9, 14, 6.5],
			"to": [11, 16, 7.25],
			"rotation": {"angle": -45, "axis": "x", "origin": [9.5, 14.5, 6.5]},
			"faces": {
				"north": {"uv": [8, 0, 10, 1.5], "texture": "#0"},
				"east": {"uv": [0, 0, 0.75, 2], "texture": "#0"},
				"south": {"uv": [4.5, 11, 6.5, 13], "texture": "#0"},
				"west": {"uv": [0, 0, 0.75, 2], "texture": "#0"},
				"up": {"uv": [0, 0, 2, 0.75], "texture": "#0"},
				"down": {"uv": [0, 0, 2, 0.75], "texture": "#0"}
			}
		}
	],
	"display": {
		"thirdperson_righthand": {
			"rotation": [104.5, 5.25, -39.75],
			"translation": [0, 4.75, 0]
		},
		"gui": {
			"rotation": [1, -139, 0],
			"translation": [-0.5, -1.75, 0],
			"scale": [1.5, 1.5, 1.5]
		},
		"head": {
			"rotation": [42, 0, 0],
			"translation": [-1.83, 0.5, -1.25],
			"scale": [3.5, 3.5, 3.5]
		}
	},
	"groups": [
		0,
		{
			"name": "group",
			"origin": [8, 3.5, 8],
			"color": 0,
			"children": [1, 2, 3]
		},
		{
			"name": "group",
			"origin": [9.5, 14.5, 6.5],
			"color": 0,
			"children": [4, 5]
		}
	]
}