{
	"credit": "Made with Blockbench",
	"texture_size": [64, 64],
	"textures": {
		"0": "item/mimic"
	},
	"elements": [
		{
			"name": "base",
			"from": [1, 0, 1],
			"to": [15, 10, 15],
			"rotation": {"angle": 0, "axis": "y", "origin": [8, 0, 8]},
			"faces": {
				"north": {"uv": [7, 8.25, 3.5, 10.75], "texture": "#0"},
				"east": {"uv": [3.5, 8.25, 0, 10.75], "texture": "#0"},
				"south": {"uv": [14, 8.25, 10.5, 10.75], "texture": "#0"},
				"west": {"uv": [10.5, 8.25, 7, 10.75], "texture": "#0"},
				"up": {"uv": [10.5, 8.25, 7, 4.75], "texture": "#0"},
				"down": {"uv": [7, 4.75, 3.5, 8.25], "texture": "#0"}
			}
		},
		{
			"name": "lid",
			"from": [0.9, 9, 0.9],
			"to": [15.1, 14, 15.1],
			"rotation": {"angle": 0, "axis": "z", "origin": [8, 17.75, 9.75]},
			"faces": {
				"north": {"uv": [3.5, 3.5, 7, 4.75], "rotation": 180, "texture": "#0"},
				"east": {"uv": [7, 3.5, 10.5, 4.75], "rotation": 180, "texture": "#0"},
				"south": {"uv": [10.5, 3.5, 14, 4.75], "rotation": 180, "texture": "#0"},
				"west": {"uv": [0, 3.5, 3.5, 4.75], "rotation": 180, "texture": "#0"},
				"up": {"uv": [10.5, 0, 7, 3.5], "rotation": 180, "texture": "#0"},
				"down": {"uv": [7, 3.5, 3.5, 0], "rotation": 180, "texture": "#0"}
			}
		},
		{
			"name": "knob",
			"from": [7, 7, 15],
			"to": [9, 11, 16],
			"rotation": {"angle": 0, "axis": "z", "origin": [8, 17.75, 9.75]},
			"faces": {
				"north": {"uv": [0.25, 0.25, 0.75, 1.25], "rotation": 180, "texture": "#0"},
				"east": {"uv": [0.75, 0.25, 1, 1.25], "rotation": 180, "texture": "#0"},
				"south": {"uv": [1, 0.25, 1.5, 1.25], "rotation": 180, "texture": "#0"},
				"west": {"uv": [0, 0.25, 0.25, 1.25], "rotation": 180, "texture": "#0"},
				"up": {"uv": [1.25, 0, 0.75, 0.25], "rotation": 180, "texture": "#0"},
				"down": {"uv": [0.75, 0.25, 0.25, 0], "rotation": 180, "texture": "#0"}
			}
		},
		{
			"from": [1.9, 9, 15.2],
			"to": [14.1, 13, 15.2],
			"faces": {
				"north": {"uv": [10.5, 7.25, 13.55, 8.25], "texture": "#0"},
				"east": {"uv": [0, 0, 0, 1], "texture": "#0"},
				"south": {"uv": [0, 10.75, 6, 12.75], "texture": "#0"},
				"west": {"uv": [0, 0, 0, 1], "texture": "#0"},
				"up": {"uv": [0, 0, 3.05, 0], "texture": "#0"},
				"down": {"uv": [0, 0, 3.05, 0], "texture": "#0"}
			}
		},
		{
			"from": [4, 0.8495, 15.25],
			"to": [12, 10.0995, 15.25],
			"rotation": {"angle": 0, "axis": "y", "origin": [8, 10, 20.875]},
			"faces": {
				"north": {"uv": [16, 4.75, 13.75, 7.4375], "rotation": 180, "texture": "#0"},
				"east": {"uv": [0, 0, 2.3125, 0], "rotation": 270, "texture": "#0"},
				"south": {"uv": [13.75, 4.75, 16, 7.5], "texture": "#0"},
				"west": {"uv": [0, 0, 2.3125, 0], "rotation": 90, "texture": "#0"},
				"up": {"uv": [10.5, 0, 12.5, 0], "rotation": 180, "texture": "#0"},
				"down": {"uv": [0, 0, 2, 0], "texture": "#0"}
			}
		}
	],
	"display": {
		"head": {
			"rotation": [0, -180, 0],
			"translation": [0, 5, 0],
			"scale": [1.5, 1.5, 1.5]
		}
	},
	"groups": [
		{
			"name": "base",
			"origin": [16, 0, 16],
			"color": 0,
			"children": [0]
		},
		{
			"name": "lid",
			"origin": [16, 9, 15],
			"color": 0,
			"children": [1]
		},
		{
			"name": "knob",
			"origin": [16, 9, 15],
			"color": 0,
			"children": [2]
		},
		3,
		4
	]
}