{
	"credit": "Made with Blockbench",
	"texture_size": [32, 32],
	"textures": {
		"0": "block/custom/moon",
		"particle": "block/custom/moon"
	},
	"elements": [
		{
			"from": [4, 0, 4],
			"to": [12, 8, 12],
			"rotation": {"angle": 0, "axis": "y", "origin": [8, 4, 8]},
			"faces": {
				"north": {"uv": [0, 0, 8, 8], "texture": "#0"},
				"east": {"uv": [0, 8, 8, 16], "texture": "#0"},
				"south": {"uv": [8, 0, 0, 8], "texture": "#0"},
				"west": {"uv": [8, 0, 16, 8], "texture": "#0"},
				"up": {"uv": [16, 16, 8, 8], "texture": "#0"},
				"down": {"uv": [16, 0, 8, 8], "texture": "#0"}
			}
		}
	],
	"display": {
		"gui": {
			"translation": [0, 8, 0],
			"scale": [2, 2, 0]
		},
		"head": {
			"translation": [0, 16.75, 0]
		}
	}
}