{
	"credit": "Made with Blockbench",
	"texture_size": [64, 64],
	"textures": {
		"0": "item/nuke_bomb",
		"particle": "item/nuke_bomb"
	},
	"elements": [
		{
			"from": [2, 0, -3],
			"to": [14, 12, 13],
			"faces": {
				"north": {"uv": [4, 4, 7, 7], "texture": "#0"},
				"east": {"uv": [0, 4, 4, 7], "texture": "#0"},
				"south": {"uv": [11, 4, 14, 7], "texture": "#0"},
				"west": {"uv": [0, 8, 8, 14], "texture": "#0"},
				"up": {"uv": [4, 7, 0, 4], "rotation": 90, "texture": "#0"},
				"down": {"uv": [4, 4, 0, 7], "rotation": 270, "texture": "#0"}
			}
		},
		{
			"from": [15, -1, 16],
			"to": [15, 13, 20],
			"rotation": {"angle": 0, "axis": "y", "origin": [8, 6, 14]},
			"faces": {
				"north": {"uv": [0.5, 0.5, 0.5, 4], "texture": "#0"},
				"east": {"uv": [1, 7, 4.5, 8], "rotation": 90, "texture": "#0"},
				"south": {"uv": [1.5, 0.5, 1.5, 4], "texture": "#0"},
				"west": {"uv": [1, 7, 4.5, 8], "rotation": 90, "texture": "#0"},
				"up": {"uv": [0.5, 0.5, 0.5, -0.5], "texture": "#0"},
				"down": {"uv": [0.5, -0.5, 0.5, 0.5], "texture": "#0"}
			}
		},
		{
			"from": [1, 13, 16],
			"to": [15, 13, 20],
			"rotation": {"angle": 0, "axis": "z", "origin": [8, 6, 14]},
			"faces": {
				"north": {"uv": [1, 8, 4.5, 8], "texture": "#0"},
				"east": {"uv": [0, 8, 1, 8], "texture": "#0"},
				"south": {"uv": [5.5, 8, 9, 8], "texture": "#0"},
				"west": {"uv": [4.5, 8, 5.5, 8], "texture": "#0"},
				"up": {"uv": [4.5, 8, 1, 7], "texture": "#0"},
				"down": {"uv": [4.5, 7, 1, 8], "texture": "#0"}
			}
		},
		{
			"from": [7, 13, 12.7],
			"to": [9, 13, 20.7],
			"rotation": {"angle": -45, "axis": "x", "origin": [8, 10, 19.5]},
			"faces": {
				"north": {"uv": [2, 2, 2.5, 2], "texture": "#0"},
				"east": {"uv": [0, 2, 2, 2], "texture": "#0"},
				"south": {"uv": [4.5, 2, 5, 2], "texture": "#0"},
				"west": {"uv": [2.5, 2, 4.5, 2], "texture": "#0"},
				"up": {"uv": [2.5, 2, 2, 0], "texture": "#0"},
				"down": {"uv": [2.5, 0, 2, 2], "texture": "#0"}
			}
		},
		{
			"from": [7, 2.27035, 12.29878],
			"to": [9, 2.27035, 20.29878],
			"rotation": {"angle": 45, "axis": "x", "origin": [8, 3.07035, 15.39878]},
			"faces": {
				"north": {"uv": [6.5, 1.5, 6, 1.5], "texture": "#0"},
				"east": {"uv": [8.5, 1.5, 6.5, 1.5], "texture": "#0"},
				"south": {"uv": [9, 1.5, 8.5, 1.5], "texture": "#0"},
				"west": {"uv": [6, 1.5, 4, 1.5], "texture": "#0"},
				"up": {"uv": [2, 2, 2.5, 0], "texture": "#0"},
				"down": {"uv": [2, 0, 2.5, 2], "texture": "#0"}
			}
		},
		{
			"from": [10.95, 5.00485, 14.33414],
			"to": [10.95, 7.00485, 22.33414],
			"rotation": {"angle": 45, "axis": "y", "origin": [8, 6.00485, 15.43414]},
			"faces": {
				"north": {"uv": [6, 2.5, 6, 3], "texture": "#0"},
				"east": {"uv": [2, 0, 2.5, 2], "rotation": 90, "texture": "#0"},
				"south": {"uv": [8, 2.5, 8, 3], "texture": "#0"},
				"west": {"uv": [2.5, 0, 2, 2], "rotation": 90, "texture": "#0"},
				"up": {"uv": [6, 2.5, 6, 0.5], "texture": "#0"},
				"down": {"uv": [6, 0.5, 6, 2.5], "texture": "#0"}
			}
		},
		{
			"from": [5.1, 5.00485, 14.38414],
			"to": [5.1, 7.00485, 22.38414],
			"rotation": {"angle": -45, "axis": "y", "origin": [8, 6.00485, 15.43414]},
			"faces": {
				"north": {"uv": [6, 2.5, 6, 3], "texture": "#0"},
				"east": {"uv": [2.5, 0, 2, 2], "rotation": 90, "texture": "#0"},
				"south": {"uv": [8, 2.5, 8, 3], "texture": "#0"},
				"west": {"uv": [2, 0, 2.5, 2], "rotation": 90, "texture": "#0"},
				"up": {"uv": [6, 2.5, 6, 0.5], "texture": "#0"},
				"down": {"uv": [6, 0.5, 6, 2.5], "texture": "#0"}
			}
		},
		{
			"from": [1, -1, 16],
			"to": [1, 13, 20],
			"rotation": {"angle": 0, "axis": "z", "origin": [8, 6, 14]},
			"faces": {
				"north": {"uv": [0.5, 0.5, 0.5, 4], "texture": "#0"},
				"east": {"uv": [1, 7, 4.5, 8], "rotation": 90, "texture": "#0"},
				"south": {"uv": [1.5, 0.5, 1.5, 4], "texture": "#0"},
				"west": {"uv": [1, 7, 4.5, 8], "rotation": 90, "texture": "#0"},
				"up": {"uv": [0.5, 0.5, 0.5, -0.5], "texture": "#0"},
				"down": {"uv": [0.5, -0.5, 0.5, 0.5], "texture": "#0"}
			}
		},
		{
			"from": [1, -1, 16],
			"to": [15, -1, 20],
			"rotation": {"angle": 0, "axis": "z", "origin": [8, 6, 14]},
			"faces": {
				"north": {"uv": [0.5, 0.5, 4, 0.5], "texture": "#0"},
				"east": {"uv": [-0.5, 0.5, 0.5, 0.5], "texture": "#0"},
				"south": {"uv": [5, 0.5, 8.5, 0.5], "texture": "#0"},
				"west": {"uv": [4, 0.5, 5, 0.5], "texture": "#0"},
				"up": {"uv": [4.5, 8, 1, 7], "texture": "#0"},
				"down": {"uv": [4.5, 7, 1, 8], "texture": "#0"}
			}
		}
	],
	"display": {
		"head": {
			"rotation": [24, 180, 0],
			"translation": [0, -6.5, 10],
			"scale": [0.8, 0.8, 0.8]
		}
	}
}