{
	"credit": "Made with Blockbench",
	"texture_size": [64, 64],
	"textures": {
		"0": "block/custom/open_brain",
		"particle": "block/custom/open_brain"
	},
	"elements": [
		{
			"from": [2, 0, 2],
			"to": [14, 3, 14],
			"faces": {
				"north": {"uv": [3, 3, 6, 3.75], "texture": "#0"},
				"east": {"uv": [3, 3, 0, 3.75], "texture": "#0"},
				"south": {"uv": [9, 3, 12, 3.75], "texture": "#0"},
				"west": {"uv": [9, 3, 6, 3.75], "texture": "#0"},
				"up": {"uv": [6, 3, 3, 0], "texture": "#0"},
				"down": {"uv": [9, 0, 6, 3], "texture": "#0"}
			}
		},
		{
			"from": [3, 3, 3],
			"to": [13, 5, 13],
			"faces": {
				"north": {"uv": [2.5, 6.75, 5, 6.25], "texture": "#0"},
				"east": {"uv": [0, 6.25, 2.5, 6.75], "texture": "#0"},
				"south": {"uv": [7.5, 6.75, 10, 6.25], "texture": "#0"},
				"west": {"uv": [5, 6.25, 7.5, 6.75], "texture": "#0"},
				"up": {"uv": [5, 6.25, 2.5, 3.75], "texture": "#0"},
				"down": {"uv": [7.5, 3.75, 5, 6.25], "texture": "#0"}
			}
		},
		{
			"from": [8.25, 5, 4],
			"to": [12, 6, 12],
			"faces": {
				"north": {"uv": [2.75, 8.75, 2, 9], "texture": "#0"},
				"east": {"uv": [0, 8.75, 2, 9], "texture": "#0"},
				"south": {"uv": [4.75, 8.75, 5.5, 9], "texture": "#0"},
				"west": {"uv": [2.75, 8.75, 4.75, 9], "texture": "#0"},
				"up": {"uv": [2.75, 8.75, 2, 6.75], "texture": "#0"},
				"down": {"uv": [3.5, 6.75, 2.75, 8.75], "texture": "#0"}
			}
		},
		{
			"from": [4, 5, 4],
			"to": [7.75, 6, 12],
			"faces": {
				"north": {"uv": [2, 8.75, 2.75, 9], "texture": "#0"},
				"east": {"uv": [0, 8.75, 2, 9], "texture": "#0"},
				"south": {"uv": [4.75, 8.75, 5.5, 9], "texture": "#0"},
				"west": {"uv": [2.75, 8.75, 4.75, 9], "texture": "#0"},
				"up": {"uv": [2, 8.75, 2.75, 6.75], "texture": "#0"},
				"down": {"uv": [3.5, 6.75, 2.75, 8.75], "texture": "#0"}
			}
		}
	],
	"display": {
		"gui": {
			"rotation": [18, 20, 0],
			"translation": [0, 4.75, 0],
			"scale": [1.2, 1.2, 1.2]
		},
		"head": {
			"translation": [0, 9.5, 0],
			"scale": [1, 0.5, 1]
		}
	}
}