{
	"credit": "Made with Blockbench",
	"texture_size": [32, 32],
	"textures": {
		"0": "block/custom/screen_head",
		"particle": "block/custom/screen_head"
	},
	"elements": [
		{
			"from": [3.75, 2.375, 7.5],
			"to": [12.25, 6.875, 7.75],
			"faces": {
				"north": {"uv": [0, 0, 13.5, 7], "texture": "#0"},
				"east": {"uv": [0, 0, 0.5, 7], "texture": "#0"},
				"south": {"uv": [0, 7, 9, 11], "texture": "#0"},
				"west": {"uv": [13, 0, 13.5, 7], "texture": "#0"},
				"up": {"uv": [0, 0, 13.5, 0.5], "texture": "#0"},
				"down": {"uv": [0, 0, 13.5, 0.5], "texture": "#0"}
			}
		},
		{
			"from": [5.5, 2.5, 7.75],
			"to": [10.5, 5.75, 8],
			"faces": {
				"north": {"uv": [0, 15.5, 2.5, 16], "texture": "#0"},
				"east": {"uv": [7, 7.5, 7.5, 11], "texture": "#0"},
				"south": {"uv": [1.5, 7.5, 7.5, 11], "texture": "#0"},
				"west": {"uv": [6, 7.5, 6.5, 11], "texture": "#0"},
				"up": {"uv": [4, 7.5, 6.5, 8], "texture": "#0"},
				"down": {"uv": [0, 15, 2.5, 15.875], "texture": "#0"}
			}
		},
		{
			"from": [4.5, 4.25, 7.75],
			"to": [4.5, 4.75, 13.25],
			"faces": {
				"north": {"uv": [0, 0, 0, 0.25], "texture": "#0"},
				"east": {"uv": [0, 0, 2.75, 0.25], "texture": "#0"},
				"south": {"uv": [0, 0, 0, 0.25], "texture": "#0"},
				"west": {"uv": [0, 0, 2.75, 0.25], "texture": "#0"},
				"up": {"uv": [0, 0, 0, 2.75], "texture": "#0"},
				"down": {"uv": [0, 0, 0, 2.75], "texture": "#0"}
			}
		},
		{
			"from": [4.5, 4.25, 13.25],
			"to": [11.5, 4.75, 13.25],
			"rotation": {"angle": 0, "axis": "y", "origin": [4.5, 4.5, 15.5]},
			"faces": {
				"north": {"uv": [0, 0, 3.5, 0.25], "texture": "#0"},
				"east": {"uv": [0, 0, 0, 0.25], "texture": "#0"},
				"south": {"uv": [0, 0, 3.5, 0.25], "texture": "#0"},
				"west": {"uv": [0, 0, 0, 0.25], "texture": "#0"},
				"up": {"uv": [0, 0, 0, 3.5], "rotation": 270, "texture": "#0"},
				"down": {"uv": [0, 0, 0, 3.5], "rotation": 90, "texture": "#0"}
			}
		},
		{
			"from": [11.5, 4.25, 7.75],
			"to": [11.5, 4.75, 13.25],
			"faces": {
				"north": {"uv": [0, 0, 0, 0.25], "texture": "#0"},
				"east": {"uv": [0, 0, 2.75, 0.25], "texture": "#0"},
				"south": {"uv": [0, 0, 0, 0.25], "texture": "#0"},
				"west": {"uv": [0, 0, 2.75, 0.25], "texture": "#0"},
				"up": {"uv": [0, 0, 0, 2.75], "texture": "#0"},
				"down": {"uv": [0, 0, 0, 2.75], "texture": "#0"}
			}
		}
	],
	"display": {
		"gui": {
			"rotation": [12, -156, 0],
			"translation": [0.25, 6, 0],
			"scale": [2, 2, 2]
		},
		"head": {
			"translation": [0, 9, -6],
			"scale": [2, 2.5, 2.5]
		}
	}
}