{
	"credit": "Made with Blockbench",
	"textures": {
		"0": "block/custom/villager_face",
		"particle": "block/custom/villager_face"
	},
	"elements": [
		{
			"from": [7, 0, 5],
			"to": [9, 4, 6.75],
			"faces": {
				"north": {"uv": [0, 0, 4, 6], "texture": "#0"},
				"east": {"uv": [4, 0, 0, 6], "texture": "#0"},
				"south": {"uv": [0, 0, 4, 6], "texture": "#0"},
				"west": {"uv": [4, 0, 0, 6], "texture": "#0"},
				"up": {"uv": [0, 0, 4, 4], "texture": "#0"},
				"down": {"uv": [0, 0, 4, 4], "texture": "#0"}
			}
		},
		{
			"from": [4.5, 6, 6],
			"to": [11.5, 7, 6],
			"faces": {
				"north": {"uv": [4, 2, 12, 4], "texture": "#0"},
				"east": {"uv": [4, 0, 0, 6], "texture": "#0"},
				"south": {"uv": [0, 0, 4, 6], "texture": "#0"},
				"west": {"uv": [4, 0, 0, 6], "texture": "#0"},
				"up": {"uv": [0, 0, 4, 4], "texture": "#0"},
				"down": {"uv": [0, 0, 4, 4], "texture": "#0"}
			}
		},
		{
			"from": [6, 1.5, 6],
			"to": [10, 2.5, 6],
			"faces": {
				"north": {"uv": [4, 0, 10, 2], "texture": "#0"},
				"east": {"uv": [4, 0, 0, 6], "texture": "#0"},
				"south": {"uv": [0, 0, 4, 6], "texture": "#0"},
				"west": {"uv": [4, 0, 0, 6], "texture": "#0"},
				"up": {"uv": [0, 0, 4, 4], "texture": "#0"},
				"down": {"uv": [0, 0, 4, 4], "texture": "#0"}
			}
		}
	],
	"display": {
		"thirdperson_righthand": {
			"translation": [0, 8, 3.75]
		},
		"gui": {
			"rotation": [0, 24, 0],
			"translation": [1.75, 8.5, 0],
			"scale": [2, 2, 2]
		},
		"head": {
			"translation": [0, 4.75, -4.5],
			"scale": [1.5, 1.5, 1.5]
		}
	}
}